PC1,PC2,quality
3.676568134343941,0.5451776290289001,6
-0.6445220310308101,-0.43072597133161933,6
0.15527469513389008,1.1896784710009152,6
1.4552255123246434,-0.09967000234878738,6
1.4552255123246434,-0.09967000234878738,6
0.15527469513389008,1.1896784710009152,6
0.073828869975289,-0.8292343829329767,6
3.676568134343941,0.5451776290289001,6
-0.6445220310308101,-0.43072597133161933,6
-0.5586065392558037,1.326594256580488,6
-2.252921551473692,2.6148062898308155,5
-0.031622850237902206,1.9907811003872584,5
-1.5962661895159043,1.3513023687189019,5
-1.578156496489464,-1.5170902623414497,7
3.657708263635497,1.8478789365039752,5
-1.7193899411323856,-0.03603959534808303,7
-1.3359705137854716,-0.9729942424138368,6
-3.0436632068574583,-0.036687013068329256,8
-0.9776991483909527,0.9339569551985972,6
0.29519191419464125,-0.9413058936934781,5
-3.0436632068574583,-0.036687013068329256,8
-1.7278564692969551,0.6510536452419947,7
-0.7437912359966018,-0.8414862783262643,8
0.39184839442609837,0.2479324110675387,5
-0.4714913558838421,-0.5073980229566125,6
1.8602158659128205,-1.1587926429550783,6
-0.5361641897195415,-0.8536815575455617,6
0.5168948691790255,-0.5224083244378313,6
-1.379965614462772,1.188517295349755,6
-1.6617243929746657,0.3750582702798429,7
1.2208765004087654,1.4116997589994347,6
-1.8575808700539111,1.1921821969642146,6
-1.1057648891903344,0.8738809873457811,6
-0.28512857184208656,-1.333646728990032,6
0.7838338603248057,-1.6141576766865209,5
-1.7091867664160667,1.139915484967921,5
-0.31939296064131334,-0.42278278997097796,5
-1.1703299196586987,0.662868407611282,6
3.11997568455369,0.34887834383039684,5
3.11997568455369,0.34887834383039684,5
1.9664123495309154,0.07140748516734077,6
2.0016892525556367,0.14925620827300312,6
0.8556430308524621,0.1402804274769767,6
-0.09505484435256678,-0.6537659744716259,6
-0.05764662645569319,-0.694814203921913,6
0.15093540625053092,0.18169512009051078,7
1.124801601068149,-2.000628288121136,4
1.1343858601653232,-1.944544165863634,5
0.8556430308524621,0.1402804274769767,6
0.4343391449142047,-0.542179204219344,5
-0.9361139872289143,-0.3801588110243978,6
-1.1210302743473801,-0.9919940803390976,7
-2.040411657552018,-0.2570286752153959,7
-1.5527303828282797,-0.2793056328841841,6
1.1995572785831352,1.4806460871139895,6
-0.7400216829981602,0.08888162428165433,6
2.0332679942210654,0.15136646496112086,6
1.5895062565236144,-1.3015961563217187,6
-1.2112619530899018,0.278342045450054,6
-0.7222042981102608,0.1244309446920596,6
0.9441985776689578,0.5329869188726618,6
1.5895062565236144,-1.3015961563217187,6
-1.456609052649648,0.43985637638655894,5
-1.2112619530899018,0.278342045450054,6
-0.8722698628417633,0.4519765067291069,6
-0.6409401361457524,-1.3908248340965186,5
-1.9427402229373119,-0.4084176875868853,7
0.3124961138324678,-1.347832438973071,5
-1.2925216295829598,-0.6409678208254646,8
0.557191739437065,1.1676154687918012,5
2.334488472788381,-0.7464933114999855,6
1.6831758537404058,-1.926911705664934,5
0.5763060835300159,-3.4030985542662098,5
-0.28333762871371526,3.3176524948278217,6
-1.2925216295829598,-0.6409678208254646,8
0.557191739437065,1.1676154687918012,5
-2.549941518848816,0.7005182719849903,7
-2.4180145450583996,0.030861325828450352,7
0.9574157625256237,1.477087043116679,5
-0.025523855376417475,-0.07986287465231146,5
-0.9375216262183053,-1.2220213209317223,6
2.6961633860508982,-0.5600420843581826,6
0.7531891475362855,-0.39268322606986084,5
1.6466739729640327,-0.7908501301364678,6
2.5922619011717862,0.7750210445705662,5
2.5433128670921596,0.7911668312404224,6
2.5960518936539256,0.9969146399816659,6
2.5877796893281597,-1.1766995818367354,6
2.5922619011717862,0.7750210445705662,5
2.5433128670921596,0.7911668312404224,6
2.5960518936539256,0.9969146399816659,6
2.498124585142112,-1.1020701567283302,5
-1.8396788981140395,-0.1752428819478525,7
-1.8295813342847043,-0.15829777595883032,7
-0.7870168180869046,0.1940102571579824,7
2.9834121044104753,-0.33332598263410423,6
2.4325449136539175,0.4064303826455486,6
-1.7407932459432676,3.183638561376041,7
0.4892430896339129,4.713315112386966,4
2.4325449136539175,0.4064303826455486,6
2.9259633063091375,0.6706593639228008,5
1.6603744110319711,-1.1124904913059281,5
1.577223605478248,-1.7482461417192126,5
3.5558623433632945,1.0421666689745464,5
2.9259633063091375,0.6706593639228008,5
1.4607127651821246,0.7074169291327046,6
1.6603744110319711,-1.1124904913059281,5
3.021354384970626,-0.5260929370743488,6
3.021354384970626,-0.5260929370743488,6
-0.11523573171727158,-0.9800071261953958,5
2.590960725546461,1.0650172792570882,6
4.335730698581025,0.202253952342326,5
3.389116227735491,0.4842547214666383,5
1.2099628852356532,-0.3297157003053732,5
1.2099628852356532,-0.3297157003053732,5
-1.812361679828153,-2.866280568053095,4
-1.5655505561975072,-1.0706106340509391,6
-2.2385272480782743,1.17256158706458,6
3.389116227735491,0.4842547214666383,5
3.2243852129689223,0.501314463526641,5
-1.3391662185117783,-1.1749123096135394,5
2.3693823956184246,1.0480715373447083,5
0.43340788650751927,0.3663521105578023,5
0.20456563663232089,0.06774661354391673,6
0.36101417837463046,0.13256253292097,6
-0.8365360180187345,-0.7625622205600119,6
-0.304110936307811,0.5192192820843359,5
1.1723744433616006,-1.993754865045551,7
-0.07548108598335163,-0.8919077902129674,7
-0.042847538280312805,-0.9410676238599641,6
-1.7598118774079712,-0.6419798183315879,5
1.1723744433616006,-1.993754865045551,7
3.1052421297032997,-1.5121342814078402,5
2.3703991190617213,-1.1143397369925372,5
1.7874581040389845,-1.1913142221530137,5
2.126510621091642,-1.0219524351856464,5
-0.843248015225025,1.7252253811388407,6
2.4334484838436605,0.8914161286310971,5
-1.4138820945313038,0.4806687344535313,7
-1.89277330473589,1.483966215857882,6
-1.5464455560330874,-0.08507058492398165,5
2.4334484838436605,0.8914161286310971,5
-0.9338469725252259,0.9218731359775013,6
-0.027429307267193195,1.7440970268726068,6
-1.424215946085329,1.8611414440808385,6
-1.3846907071570378,0.7838412959762396,6
-0.5154980294964296,-1.5870767785026172,6
-0.5274941268322242,-0.9729082122529851,4
-2.272092406752865,-0.6842857928640007,7
-0.059645540367174656,1.2397282779834737,6
0.21044444496750536,1.2476477684840899,7
1.7735496032586393,0.8362910737910042,6
-0.059645540367174656,1.2397282779834737,6
-0.8587166360582696,0.9220073654596506,5
0.4147630391470816,1.6861642375561103,6
3.297824501349273,1.3097407973954422,6
3.297824501349273,1.3097407973954422,6
-2.35385904323742,-0.9666790684367067,7
-2.7772628306470386,-2.3837318413586606,8
-2.7772628306470386,-2.3837318413586606,8
-2.35385904323742,-0.9666790684367067,7
2.3301683271968696,1.2984631920891856,5
-1.4177750186462301,-0.005675114758836568,5
3.297824501349273,1.3097407973954422,6
2.6439918519886354,-0.8334744049912852,5
2.501192215419667,-0.5768899411267165,5
2.260566507579979,0.9931025209813102,6
-2.6468424950813234,0.35258730579591463,7
1.2648213774723311,0.8402792095345981,5
0.7815019902150252,4.660185931791801,5
-1.4675081957776777,0.9089353473967114,6
-1.3790673874755899,2.1054896484027035,6
-2.1567949736006025,2.116197300133691,4
-1.308849043156837,-0.23899890390546477,7
2.4883844083513074,0.27331680196070907,5
-0.05639003743807322,0.6750668979436228,6
-2.0420410375112024,2.139387302706636,4
1.915377773992033,-1.4947358704797378,5
-1.0088150966670326,-0.38811455738279643,4
1.0179312329891013,-1.0708780166589773,6
0.9632876972122186,-1.0990090049091812,6
0.7980302217199395,-0.6115708609313563,5
3.964612728373547,0.6489354850920072,5
3.151841647916919,-0.9654455617869576,6
3.176877629405606,-0.05523224123884579,5
3.2861912125396775,-0.12816328342783906,5
1.320157103424008,-0.26410982081762024,6
-1.0423694691057899,-0.8306823007985457,5
-2.1501011956322422,-0.1571931295238509,8
2.1226920810139314,-0.9069526930307057,4
2.2208714439913337,-0.8776398222353385,6
3.964612728373547,0.6489354850920072,5
-0.5539843108419098,1.1543341188252905,6
-0.03596281457657817,-0.5416771362399408,5
3.0573558803738767,-0.11395899174759246,5
3.032713886909093,-0.06389890102522587,6
3.0445104017548057,-0.029612880060854264,5
2.079932522301823,-0.8388792751334474,5
2.828734328130767,-0.5095904863973643,5
2.079932522301823,-0.8388792751334474,5
2.8655523482104996,-0.845005538198827,5
2.828734328130767,-0.5095904863973643,5
2.7446156468388527,-1.1143993113380506,5
0.053445648134913065,-0.6508099349728248,6
-0.9141979527534173,-0.9308100051215621,4
1.9843043401442773,0.13929917113310725,5
0.7814123844312716,0.3097209331239689,5
1.7577855315206972,4.849292610318785,4
-1.3475985537754342,-0.613903312472586,5
-0.2549317052695521,-1.3142146991303807,6
-1.4358055386401598,-0.48274946191210977,5
-1.42282920720391,-0.36726605103468163,7
0.7814123844312716,0.3097209331239689,5
-0.2700880459174482,-0.7459194691762676,6
-1.9278987365996723,-0.7925680078293634,7
0.9929346612042224,-1.7047613089851628,5
0.4033613888459165,1.144965942580074,5
0.9929346612042224,-1.7047613089851628,5
2.408239005509973,-2.0934392562895034,5
0.3078813287243491,1.1980899490572599,5
0.4033613888459165,1.144965942580074,5
1.926688163479554,0.0879974073733166,6
-1.9278987365996723,-0.7925680078293634,7
-0.4023963362127012,-1.02105131192084,6
-0.9786914550606761,-1.626642091894876,6
2.7078261186934918,-0.09101183254042366,5
0.2568214446362221,-1.9879591240265126,6
3.1520050680353924,-1.1907391039567503,6
0.2568214446362221,-1.9879591240265126,6
2.7078261186934918,-0.09101183254042366,5
0.9619731377606152,-1.5049794960480605,4
1.8140488828221777,0.16587793371049758,6
2.1529424915657733,-0.08353515916368598,6
3.0468698477684293,0.1550865870928649,6
3.0468698477684293,0.1550865870928649,6
3.0468698477684293,0.1550865870928649,6
3.0468698477684293,0.1550865870928649,6
2.4640542217256196,-1.3764041562800062,6
-1.01680627814909,0.46400673503329004,7
1.3498801394468716,-2.259396270828785,6
2.809015227529137,-0.6388892767117248,5
-0.47609303008837356,1.0403828188421065,5
-1.9890512601638897,1.1323679421108301,7
1.098911413261192,-1.5819414310840076,6
2.047686719667633,0.6871747935360671,5
-0.3827672238258646,-2.032881723248116,6
-2.1230545787876425,-0.0868543578634109,7
-2.6819320441736556,-0.09020221325251958,7
-2.747072994025018,-0.26702953965763293,7
-0.2619963758212319,-1.430430911580368,5
0.5511528010020915,-3.683769924417925,4
3.0004718991818016,0.9600789755013898,3
2.047686719667633,0.6871747935360671,5
-2.49712750690884,-0.8874949936913233,3
0.036282496551430295,-0.8613270779486408,6
-0.054901082572805224,-0.8558492900919833,8
-1.6809242976567975,0.03788116748942764,7
-1.6809242976567975,0.03788116748942764,7
-2.002375662044989,-0.28710956103107294,6
-2.932851026255221,0.2481446167522848,4
-0.37029155591232804,-0.054196108405267146,6
3.081279997860286,1.051117264923059,5
-0.4989006761763616,1.179351985767386,5
3.255025123518696,-0.4593644958544598,6
-1.0214150674248585,0.04486423919420975,6
3.081279997860286,1.051117264923059,5
1.3380372724438767,-0.7048269281055907,6
-0.24019281180359084,-2.7968486873031266,5
-0.2345552333241989,-2.7765986387455266,6
-0.17704142681267868,-2.754381542834705,6
1.3380372724438767,-0.7048269281055907,6
-0.26414684586048903,-2.828965942093858,5
1.4210006296568676,-1.3639135146829249,5
0.28784673720524123,-0.2746717398028098,5
2.935424222092113,-0.015584792207084565,5
1.3823785301964533,-0.3580055304707342,6
1.3563952786134426,-0.2798753823640414,6
-1.6663860033823625,2.828635439121484,5
-1.7988409292408554,1.3167905391425212,4
-1.740344818753355,0.4500000725396526,7
-2.3213602437379395,0.850828858510408,8
-1.4730757484478514,-0.29966090404194734,8
0.8512905622717498,-0.45411846239321096,4
2.7616831842917264,-0.8993252474369449,5
3.028972466783173,-0.4687348528551525,5
1.8055114146603717,0.013990387489571886,5
2.4698880563698493,-1.030433879798836,6
3.0343074907564604,0.6431525020000319,7
3.0343074907564604,0.6431525020000319,7
3.0343074907564604,0.6431525020000319,7
3.0343074907564604,0.6431525020000319,7
-0.046132789038693875,-2.286814864559269,6
4.084158972810558,0.903908276469143,5
0.16854705950055815,-2.02055200546815,7
1.7880657839839225,1.311752716879957,3
-0.13230950076768808,-1.6034196281778117,6
2.431105241667782,2.030714050354684,5
0.8901385502724612,-0.6293503439788121,7
1.945519544343178,0.37448199388772735,6
-0.7305309792893746,0.8854564048968088,6
-1.799706373676549,-1.9007704718240241,6
-1.4987626784145383,2.312714164244685,6
-1.799706373676549,-1.9007704718240241,6
-1.0367957002615997,-1.5954088129942008,6
0.7842770799661548,-0.17017960502741783,6
0.7842770799661548,-0.17017960502741783,6
0.7673767789777405,-0.23263312096526353,5
0.8308581371410562,-0.1819094083696006,6
-0.7747327054755487,-0.4607109954179397,7
-0.541680631923716,-0.6804266517450884,6
-2.2323308986425676,-1.409028165912226,7
-1.6662738231927179,-3.4286686508141644,8
0.3889929578117453,0.2008919608725225,6
0.2949348089938111,-2.310786612740303,6
0.31164514802613735,-2.1990741969578944,5
1.1666770156376929,1.150236889273708,6
-0.6731985650327724,0.17320489818823248,6
-0.16445128200886952,0.11385905391875084,5
-1.1649678677299478,-1.1184854195175797,7
-1.8978445513515136,-1.4139804096442432,6
-2.2982021691482655,-1.8587735650444825,7
-0.16445128200886952,0.11385905391875084,5
-0.6731985650327724,0.17320489818823248,6
0.31240804871939676,0.6226382536978393,6
0.020873345923290678,2.0269841343561437,5
3.659164644112579,-2.4117515131407905,5
2.7868925489693366,1.0856799078462522,6
0.10106041851163719,-1.038555074119541,6
2.503348541164439,-1.096160827062629,6
-1.2070083616904481,0.8743041600986101,5
-2.025291633157494,-0.8724845696453869,8
-0.5975467476721854,0.1409387213293758,5
-2.606898440726672,0.011817573194780244,6
0.5524700381794367,0.25591949965942407,5
-1.986032307296315,-0.3591303334074663,5
-2.606898440726672,0.011817573194780244,6
-2.195990844269393,-0.17538670638927226,6
1.7367764216782196,-1.7003617773229796,6
-1.0097019575772603,-1.1544355570880156,5
-0.21242136292508532,-1.9622466691002058,7
1.281417708161675,0.575352956518058,7
-0.2470912735498824,1.1063576517205973,6
1.0736145549476148,0.03742760590911707,6
-0.04065556145471098,-1.7796228231634874,5
-0.045044958515018586,-1.7728526348547857,6
0.054787938161186725,0.10898062919478375,6
-2.9940684811411806,-1.5788084335006656,7
3.3084023901970023,-0.6401195259053098,6
1.7401300915580948,1.2328119392130314,6
1.8248713501140075,0.7193411014182943,5
-0.918586264891589,-1.2398871947327217,7
-0.7109701843709895,1.5499054105053676,7
-0.5238489300179107,-0.7282716670232329,6
-0.7109701843709895,1.5499054105053676,7
1.0792869541659318,-1.6347910589367072,6
3.0800197639277034,1.2273406376558298,6
3.0800197639277034,1.2273406376558298,6
-0.17657727974560533,-0.9968774126284027,6
0.2813810379411206,3.4575753213018703,6
0.07472592612488803,-0.43006421460905536,6
1.69308310528676,-1.1944642968399868,6
-0.6529893354109639,0.3073141854868286,5
-0.03394668416589161,-0.7253987159203892,6
3.0800197639277034,1.2273406376558298,6
-1.915429033696257,-0.2780197958663362,7
-2.1622368670026657,-1.5623255209595257,7
-0.7109913540737477,-2.212520360062762,6
-0.15155875327148713,-0.14443125494528408,6
0.2932752742133533,0.5491692909015973,6
-0.6653775846978138,1.1787186654447903,5
-0.15155875327148713,-0.14443125494528408,6
0.2932752742133533,0.5491692909015973,6
-0.35960348780674506,-1.698868498905155,5
0.15766425018095892,0.36216006871170797,6
-3.654415537632836,-1.9515056564419195,7
-3.654415537632836,-1.9515056564419195,7
-1.6697759141210098,-0.5188823789309991,7
-0.9363412584642877,1.330495129406328,7
-0.482235792440145,-0.5547636988105049,6
-1.6697759141210098,-0.5188823789309991,7
-0.9363412584642877,1.330495129406328,7
2.3247500443589773,-0.20280861407013645,6
1.4261722096367435,0.4466842980217941,6
0.15766425018095892,0.36216006871170797,6
-1.936434875436433,-0.6561225407813519,7
-3.654415537632836,-1.9515056564419195,7
-2.084072788066086,-1.1767791095376114,7
2.1035132238878997,-1.9854975108578412,5
0.055674073156295995,-0.7567617832325517,6
2.7249556233423102,-0.7127029638981826,7
2.7249556233423102,-0.7127029638981826,7
-2.1360933153492017,0.8757162017132022,5
-0.3744383403950653,-1.4822699004179831,6
-2.5180974656746726,1.597333467470359,6
2.5490499564407356,-0.15732199865024654,5
0.2585117713404759,-1.5142633257977203,5
-1.3720416958472272,2.137271439009405,5
-1.7725366056678513,-1.0035895687205802,6
2.4805794687150247,-1.8819236250264364,5
-2.10198986686191,0.11501039589636362,6
-1.7725366056678513,-1.0035895687205802,6
2.5490499564407356,-0.15732199865024654,5
-0.8366893913078295,-1.1528230020294656,5
4.242539609076595,-0.6496523738857047,5
-0.9936526919400542,-0.6899563049998332,6
0.2585117713404759,-1.5142633257977203,5
-2.607538352934543,-1.0811002400135894,7
-0.7432960374964526,0.12242420781215457,5
-1.1934602422205063,-0.21699410041100847,6
-1.3720416958472272,2.137271439009405,5
3.11063371466838,1.0024098763929243,6
1.6755908446833194,-0.7365068716466638,6
-1.3229145166685972,0.9060731090699801,5
-1.3229145166685972,0.9060731090699801,5
3.11063371466838,1.0024098763929243,6
1.6755908446833194,-0.7365068716466638,6
-1.020874156259458,0.8937617574705445,6
1.9697437454788114,-0.8072239464062922,5
-1.020874156259458,0.8937617574705445,6
-0.6427753548668161,-0.3377151094248824,6
-1.9118916973902367,0.3931256321898697,7
1.2180938313795224,-0.8736711637962699,6
1.2000983833465408,-0.867756461858717,6
1.2000983833465408,-0.867756461858717,6
0.7877549230758057,-0.7975178331305129,7
1.2180938313795224,-0.8736711637962699,6
1.2000983833465408,-0.867756461858717,6
2.637979031261837,0.30049175445989734,5
-0.505654354203568,1.5779220729820675,5
2.9588385055802746,0.174256334882983,5
2.637979031261837,0.30049175445989734,5
-1.6263311188512044,-0.30312675559481317,5
1.3118892364353474,-0.8392522633651575,7
0.3184575548806706,-0.043863894581834095,4
-1.4837494154834103,-0.07228189761965569,8
-1.85586136750002,-0.08834091764380461,7
0.16324613836426016,-1.360927499967988,5
-1.2349260832572502,-1.514191136687878,8
1.3118892364353474,-0.8392522633651575,7
-0.9582907860157712,-1.343669876436592,5
-2.0139368683327916,-0.12273588296800599,7
-0.6141702265507849,-1.6058926627832089,6
-2.2744504467151354,-2.1494774141374267,8
2.9354600049684874,-1.3566050440866564,6
1.5475688077075727,0.28362967039775056,6
-1.1740437488190152,0.8482069781220508,3
-1.8748956969310426,-2.0386081824693547,5
0.816739466602929,-1.333878777773834,6
0.816739466602929,-1.333878777773834,6
-1.022356048487711,-1.6033907162365915,7
1.7220291243343027,0.19979844308346487,5
-1.1254412847651054,-0.7477662656388826,5
-1.1004241030999364,-2.3707585302653604,7
-1.3934890503565638,-1.453596105789682,7
-1.022356048487711,-1.6033907162365915,7
0.7981087793237412,-1.4035055499294746,6
-3.54876291467558,0.13122073005108834,7
0.6690856756219419,1.1647858080150393,5
0.11119618054517239,-1.915145422892724,6
3.2333185938725073,-2.791355555677389,5
0.6690856756219419,1.1647858080150393,5
2.2252232262539984,-0.38101116346994124,5
1.393277181598473,-1.902667775092511,5
-1.3261827105064237,0.5780247379210486,6
3.0153131854486244,0.2684683000968712,5
1.82739965474182,1.3756812180173723,5
1.1276581215369759,-0.2508491386316633,6
-1.3261827105064237,0.5780247379210486,6
3.0153131854486244,0.2684683000968712,5
3.441505751681021,0.40031936927232875,5
2.5340616757336756,2.5427235927997933,6
0.43634839620177684,-0.9685707183905207,5
-2.9441800498136934,0.1995821978044622,6
-0.10120944197517732,-0.5246668811414715,7
-0.8848820638094692,-0.8896285606281934,6
2.6198467911563514,0.10280914525080172,5
-2.0343104533094714,1.5542375469905825,7
-1.0049381433164197,0.4094445101673606,6
0.37023864178312166,0.1855017221928848,6
-0.0029833996083608403,-1.695243886622552,6
1.3055880220574538,-0.6947665054667813,5
-1.2000502113138056,-1.0269453115096652,6
1.0893716154322854,-1.5745297482543485,5
1.3055880220574538,-0.6947665054667813,5
4.64134856032468,-2.1767605015269593,5
-0.9569579551174833,-1.3665602591636639,6
-0.9497051751458442,-1.5473380645329309,6
-1.5959729135956044,0.4614966308226857,6
0.22397435372023006,-1.2404283566327565,6
1.8298037805976743,0.0623591202947481,6
-2.8341608235018234,1.5286452564826047,6
-3.127701549042509,1.186345389178931,7
1.3160811749909687,0.18799318592670428,6
-1.567749838277415,-0.7908385499079518,6
-0.8347071729920563,-0.3919665469007964,6
-1.6945664960884785,-2.0165284290164287,6
3.2166182161611205,0.4544287519744664,4
-1.8003020368829368,-0.6590112449979478,6
-0.9376965595361407,-1.2907015885343363,5
3.2166182161611205,0.4544287519744664,4
3.3937023538268214,0.5122519427450862,6
2.3562018130508453,0.5250547148664831,6
-0.14376374408783182,-0.6827191387142736,6
-0.13820810126567246,-0.6035277588470278,5
2.2841197815452126,0.80090244913186,6
2.2841197815452126,0.80090244913186,6
0.4793178838018909,1.0822470952888397,5
-0.43136822646988876,-2.863224037254636,7
-1.3869145159260832,-2.2289961505850076,6
-0.43136822646988876,-2.863224037254636,7
-0.4836515430399099,-1.119629746711957,6
-1.5126264692790823,1.489453326213622,6
-0.3634905081449037,0.380496246627406,6
-2.2210286606165126,1.1998324577958932,6
0.2919639501401843,1.021261171588206,7
-0.7509292540720757,-1.4451000557277955,6
0.5417750035364026,0.2920258303724835,5
0.08221055208550056,0.8853173816189934,6
-2.0668630553282763,-1.3366368708701921,6
-1.2397694434483038,1.4603350282254886,5
-0.26687705355886127,1.0287869042694289,5
-0.26687705355886127,1.0287869042694289,5
-1.9009430423948144,1.5191455634305389,6
-2.242255767146808,0.508913320493332,6
-3.0511100713462582,-0.2943439336033807,5
0.5365717968416788,0.10888332990473822,6
-2.724514869303924,2.3197231464540287,4
-2.679499002264562,-1.1589073288256313,6
-3.377809954454422,-2.3361402184711695,6
-1.8177174925820068,-1.343927659066112,6
-0.2812192357974925,-1.441311973314076,6
2.4487022459030783,0.2867628991367468,5
2.8997094548701385,0.589129754939408,6
2.8997094548701385,0.589129754939408,6
2.8997094548701385,0.589129754939408,6
3.205512726900988,0.961973990345901,5
3.205512726900988,0.961973990345901,5
2.8997094548701385,0.589129754939408,6
-1.9691203884095914,-0.48948030876201565,5
1.1124458156348596,-1.8842137143660251,6
-0.2187399923446577,-1.1204059932456543,4
3.3132553645602365,0.22537259326059997,5
-0.9712641917471928,-1.6955696862365706,6
0.5812079893319795,-0.2237898149037016,6
2.1649387436444085,-1.0652370565573845,6
-0.6657797701149808,-2.084675059601391,6
0.5475550031025842,-2.37083189684169,6
-1.8643799257705804,1.2110082520081826,6
-1.066661639334059,-1.2903652080529977,7
3.3132553645602365,0.22537259326059997,5
2.3005717636279805,0.6930635106111472,7
-1.2165589937321102,3.254965288814028,7
-1.7625821106956936,1.841553350906911,7
2.3005717636279805,0.6930635106111472,7
-1.7625821106956936,1.841553350906911,7
-1.2165589937321102,3.254965288814028,7
2.550654227446556,2.6526474919816434,5
-1.2161546172973317,-1.0430026878364294,6
1.4987738768486811,-1.4422906878697703,5
-0.5457530771002812,0.43170070061082766,6
0.9539437050459902,-0.07031827347796311,7
-0.959773710252412,-1.5593291144266261,5
2.051591288712343,0.11213588301324788,6
-0.7952315867426389,0.2697081704334603,7
0.8216204188264563,-0.39239131073648176,5
0.8702310181081393,1.4491414266773657,6
-1.130285137300368,1.7411060721747706,6
0.44597521919908956,-0.4288255793203216,5
0.5541057244192773,-0.35044582209262926,6
0.846166375095445,-1.2441710701992972,6
3.5491573397154026,0.7354158625414738,5
-1.9816135346779011,-0.34581513116844315,7
3.1890163734554493,0.4124541495625236,5
-1.4939107264149636,0.3668843231211062,7
-1.271042843966504,0.5584947306211351,7
0.5255703448612373,0.6069132139791323,6
0.5333097305539488,0.5617647139677268,6
-1.5161975085907589,0.32250301400726283,7
-1.9816135346779011,-0.34581513116844315,7
-1.6365591726839808,-1.4185946903114883,7
3.5491573397154026,0.7354158625414738,5
-0.8058643383797184,-1.2040597966755906,5
0.7439796250851209,0.1423440012784349,6
0.3317279330905684,2.043521222033104,6
-0.8098592938446368,-1.1118852818206983,7
0.3317279330905684,2.043521222033104,6
1.4524896000346859,0.3292248270562422,6
-1.4257752382896542,-1.8911037040936116,7
-1.1155888758560755,-1.0448640751085072,7
0.2686556909269201,0.08818714191905225,6
2.0570631626987583,2.0670825102042394,5
-0.9582206359434835,-0.13982735729181062,6
1.1686915336434918,-0.15121866352796481,5
-2.105161719005618,0.5839974422683721,5
-2.155190029180515,0.5405777354632,5
-1.4039820808536736,-0.7907730845374282,7
1.1686915336434918,-0.15121866352796481,5
-0.7575223352774619,0.597654820184322,6
-0.19070193090516144,-1.1972307423841053,8
-2.3275285756945774,1.1925087450609766,7
1.5180264600577742,0.024712673251511455,6
-1.0027337687242253,2.1303676315341886,6
-2.105161719005618,0.5839974422683721,5
-2.155190029180515,0.5405777354632,5
-0.14511927557768242,0.6375942338249223,6
-0.14511927557768242,0.6375942338249223,6
0.8888425344887831,-0.7088959734609158,5
0.8888425344887831,-0.7088959734609158,5
2.2688964853075415,-1.7390104189788882,5
-0.43748058055225886,-0.4759469868037469,6
-1.9909467826540572,-0.7116473241050189,8
-1.5203515710746183,1.877548052232595,6
2.2899368081892857,2.375274394594893,5
2.2981476403657437,2.365469319507953,5
2.2981476403657437,2.365469319507953,5
2.2899368081892857,2.375274394594893,5
-1.7739088066770752,0.7821504639653468,7
0.22904360779779226,-0.28277422768911137,6
0.18866257170031758,-0.3161437427560496,6
-0.11692095688469871,0.6179280080706001,6
3.9811732524617107,-1.2102795914508901,5
2.444797025373263,0.8416378261750438,5
-0.881636098130514,-2.3832624592661436,6
-2.4752635715616442,1.0952962396694985,5
-0.6658813632747779,-1.6286765528139753,5
0.39741366670873896,-1.2386171526029648,8
1.9637072598149852,-0.697504734866987,4
1.4000146110631013,-1.0793895683501527,6
1.4000146110631013,-1.0793895683501527,6
-1.68733350761843,-0.49992567796651,6
2.7585646025626143,0.2773729192988421,5
2.7585646025626143,0.2773729192988421,5
-0.7432269970000451,-0.15142683757226066,6
1.5893628814093166,-1.8852230069067721,5
-0.6613692098334929,-1.7941391790740193,6
-1.0926337144459655,-2.0168410563514314,6
-0.8663675113232776,-1.3730518557522218,7
1.6487338877923063,0.2928828640063505,5
0.22695256265814817,-2.8864752894389456,5
0.3389609237800466,-2.752234062244165,5
-1.679518560210417,-1.4470390644277278,7
1.9739278589907905,-1.2158251421625677,4
1.912761230006418,-1.858320533991371,6
1.2656676760795729,-1.0041857716972211,5
1.2551327889824744,-0.9579493783495201,5
1.2688272089362334,-1.013238289844444,5
0.017623358062065102,1.4479414451187334,4
2.1626888451949937,0.3546017366897911,6
0.3292505023108824,-1.858914620123574,5
2.8123354816173722,0.23234729418062527,7
2.8123354816173722,0.23234729418062527,7
2.8123354816173722,0.23234729418062527,7
2.8123354816173722,0.23234729418062527,7
0.9934530978673249,-1.3591616148594585,6
-0.45882279125182596,-1.7152412100010954,7
-1.2727320315592583,1.3372443987698226,6
-0.7700162680917063,2.6998064030187168,6
-0.721593164301424,0.15990802403046647,5
-0.5792301428707585,-0.7832354083450925,5
1.6419851856803764,-2.401310383046274,4
-1.0228288880555074,0.9965740860095662,5
0.10838297941039095,-0.8678036348723257,7
1.470856507971958,-1.5966972890276319,4
-1.0228288880555074,0.9965740860095662,5
1.401006275890111,-0.838249035955488,6
-0.21870458643922075,0.22114831441431695,5
-1.1791864958273959,-1.280701815872889,6
1.401006275890111,-0.838249035955488,6
-0.5314466630321842,-1.4893910102213421,6
2.6015678310497137,-0.8361864499198608,5
2.045490565914054,0.07456655799149958,6
-2.0055669379328793,-0.1687073169076869,6
0.27355295911534205,-0.8028428070902515,8
-1.224253260665396,-0.8034394055795987,6
2.5243424467379265,-0.4668369535577027,5
1.3729454027161976,-1.146821960534713,6
2.5162453691839843,-1.6818382807815104,6
-2.2428074870182395,-0.8749322843266277,7
-2.2428074870182395,-0.8749322843266277,7
-2.261438174297427,-0.9445590564822687,7
-0.18962235824390097,-1.009047971394607,5
0.2393525132005698,1.6805333226513675,5
1.1613895436971253,-1.0962925470427543,6
3.0006105591023666,-0.6664883909090634,5
0.1334803702638614,0.9772113176894117,5
2.43277555603978,-1.6287135869208837,5
-0.7670677866143542,-0.08124425472176686,7
4.630245858954357,-0.3240140343733525,4
2.71373202904228,-0.6666883188200904,6
-1.011778500822842,-0.32516295860902494,7
-0.6036164156487918,-0.4100957181156329,4
0.50168716490425,-1.6245024240347412,6
0.39926938171429,-1.656633331700912,5
0.30261292916318133,-1.739792187005729,5
3.847260745140475,0.1632337606994866,6
2.301301850364472,-1.3021280648124265,5
-2.067677031612766,0.14154706746860848,6
3.2986721606517118,0.32549017161938376,5
3.2986721606517118,0.32549017161938376,5
3.2717153900554643,0.1889228988179935,5
2.8431078002110706,1.9839316494649613,5
-3.1934753182007016,-2.03628611971037,7
-1.6124779466935426,-0.14222715983313228,4
-1.3943264707395298,0.16523951169552856,6
-2.728331028881024,-1.4839945152833338,6
-1.124524731582802,3.9672185609057076,5
0.9689259923904051,-1.6190839738099805,5
0.5813067198131564,0.08528317217760686,6
2.045946106574515,1.115058456617391,6
-1.1137514255597998,-0.08016772518281069,5
1.7147414213873673,-1.8331994349804217,5
-1.2897089677453883,1.7279213957939987,6
-1.2897089677453883,1.7279213957939987,6
1.2891376601178501,-1.3836589150271943,5
-0.5175878260402819,-2.066868519420344,6
-0.7537966409130205,-2.3532130357718666,7
2.063218810079485,0.41077255754495656,6
3.0337263075755465,1.0192273350571714,5
-0.7537966409130205,-2.3532130357718666,7
-0.4019076009564786,-0.11230493672111728,7
2.404389370828503,0.10652565849696664,5
-0.5077660691992378,-1.4631781651388986,5
-1.818883364656494,-0.31767019523149237,6
-2.715572991851002,-0.00010835854418483266,8
-1.2609125227784665,1.5368944750172593,7
-0.9097335259055274,-0.5022810319617298,5
-1.5614653333501998,-1.3124782472036203,7
0.46742127469662886,1.1801920193121265,5
0.007079061791812659,-1.1309586370584412,5
0.935504515629277,-0.6461865949559172,5
0.7673746032780437,-0.8452258327764995,6
2.7950823615555764,-1.5783931935959883,6
-1.2187510919069418,3.5684002961399757,7
2.4850310824316386,-0.029434317078796707,6
1.4790626318558124,-1.0787421291461095,5
-0.2273745806409001,0.1566260424108403,6
2.4850310824316386,-0.029434317078796707,6
1.4790626318558124,-1.0787421291461095,5
-0.7726050059027947,0.30759207170541053,7
-0.2273745806409001,0.1566260424108403,6
-3.2893146944065745,1.1890306867740097,3
-2.684486295761861,-1.1443053243493224,6
-0.7067828288972251,-0.1778469668408616,6
1.179885955723679,-1.504022885029003,5
0.486541294372114,0.37866213210261673,5
-0.2262144865558633,4.028539718081753,6
1.3274509409180506,-0.7029672555479085,6
0.27073919652554057,0.7694156888832938,6
1.2276179078230167,-0.7059828822274091,6
0.23041377674688937,0.9857654533050031,6
0.27073919652554057,0.7694156888832938,6
2.0119941626026483,-0.3428857361762505,6
2.9073635587332043,-0.7305560626544859,6
1.3274509409180506,-0.7029672555479085,6
0.32639997628299183,0.4042050459936611,5
-1.931754749560576,0.5479258272967837,7
1.4976966561959923,-2.0665124542242674,5
3.0770752973129585,-2.269164947993267,6
0.2511069941123795,-1.2486170463988968,7
0.17879060108860806,-1.2360524040648018,7
1.2276179078230167,-0.7059828822274091,6
1.2014889107801647,-0.5949509435682743,6
4.704767829401278,-0.02997666511958606,5
0.9759048883545844,-3.0986533919560237,6
0.5594728666692799,-1.2773958860555357,6
-0.5531368459460464,1.5563061021815672,6
4.3547244116894674,-0.26285952122229617,5
-2.4465489687991657,0.8077225186235542,6
0.5746291764514453,-0.7181919141676578,7
0.5746291764514453,-0.7181919141676578,7
-0.35919305873603935,-0.6275198087017069,7
1.2398031902796844,0.6276781574520451,7
1.4178093349439846,0.6154417739940449,7
2.380821562200526,-1.8481631552541415,5
1.0670120194604393,2.0970611197011086,9
-0.989685377626652,0.142241191748484,6
-1.0930664936745647,2.4695065681298183,6
2.73624376865846,-0.5617464626786886,5
2.8568054981398583,-1.8646004020971365,7
3.02533828993852,0.12041908538999256,8
-3.2042684286433323,-1.0994058447025004,4
2.3731879910209117,-0.11126144681580499,6
2.8568054981398583,-1.8646004020971365,7
3.02533828993852,0.12041908538999256,8
2.73624376865846,-0.5617464626786886,5
1.0857320213347872,0.5112902351170241,6
1.1742876937534368,0.6167409922984765,6
1.1742876937534368,0.6167409922984765,6
-0.7279412204167003,-1.9654915542409033,7
1.0857320213347872,0.5112902351170241,6
1.1742876937534368,0.6167409922984765,6
-1.8242416218232311,-1.5016411757290151,7
-0.11375203906028862,-0.9554021331804922,5
-1.8242416218232311,-1.5016411757290151,7
0.4790485853506105,0.4568879335184926,5
1.2826664784046204,0.3232523964850803,5
2.363845865849448,0.1603681043986641,6
1.9488063032279763,-1.1902281406139694,6
-0.6686202936192018,-1.744117776908605,6
-2.5377330084932836,-0.6179437117963849,8
2.4295157334375315,1.6683057581927667,6
1.976422129085256,-1.0759387283599646,5
2.7844752873848146,-0.565185715482891,5
1.436870708049379,-1.3435744394976878,7
-0.08577710714121808,0.556919152263318,6
2.4295157334375315,1.6683057581927667,6
2.329213619245297,-1.1168864508831615,5
2.2376088592346512,-1.1672114014036263,6
2.820017396539918,-1.9451929304207027,6
2.403757925921478,-1.2995380871589106,6
1.976422129085256,-1.0759387283599646,5
-0.9013026354818954,-1.2970716040322818,6
-0.44697780784243113,-1.1232646814963556,7
2.385295403058919,-1.3248218603982664,6
2.9694642788381933,0.15341782639103071,6
-0.34553805394317566,0.039160042172466825,5
-1.313133823309606,2.289582494375502,5
0.6957567516565459,-0.6153655023214338,5
-0.34553805394317566,0.039160042172466825,5
0.6957567516565459,-0.6153655023214338,5
-3.012530953659306,-0.8720936137184747,9
2.305045062115465,0.09770698530105755,6
-0.1781878761140959,-0.46429671874440376,5
-0.10024129375243683,-0.7429044351652383,6
-1.313133823309606,2.289582494375502,5
0.9064289130035684,-0.3783195456548767,6
0.4463652263903697,-0.5517869919624361,6
-1.905893505097361,0.3434304972089027,9
-0.1283847570312874,1.049248757147872,7
-1.5455893930980773,1.0972357401964583,7
-0.485133787229118,-1.9653444744826665,6
-0.06525660165869623,0.8212162231954384,4
-2.003504118698102,-0.149466623756277,8
-2.4283348481985216,0.7178115288485557,6
-0.485133787229118,-1.9653444744826665,6
-1.6213652004842984,0.9258723130968236,8
-1.2102167001762134,0.2539165015487918,8
-1.2102167001762134,0.2539165015487918,8
-1.2102167001762134,0.2539165015487918,8
-1.3549974083544958,1.2775156743108376,7
-1.2921836311916517,1.3525625650355684,7
2.8240780039754867,1.325501727896638,7
2.8240780039754867,1.325501727896638,7
-1.116685581169588,0.20853303762384012,7
-1.4594132290900255,0.01601392987268731,8
-1.4594132290900255,0.01601392987268731,8
2.5554729918044905,0.17374832218039155,5
-1.5911541150838742,2.7308895808068443,5
2.8240780039754867,1.325501727896638,7
-2.224733659335373,-0.9348668525412814,6
-1.116685581169588,0.20853303762384012,7
2.941013373028193,0.9691152254325335,5
-0.25298476185863183,-1.0376318622845042,7
2.440539778788664,1.5077887335944768,5
-0.25298476185863183,-1.0376318622845042,7
-0.5538837039328481,-1.0281883350827807,7
2.941013373028193,0.9691152254325335,5
2.9858617542036034,0.9347684684008116,5
1.586533597131257,-0.46018602601011105,7
2.1781794789813693,-0.7764609119868758,5
-0.7746864619899778,0.6793183693216621,8
3.0636313329338836,-1.0189218403530458,7
-0.6501812941082916,-3.4384268203008643,6
-2.4389566494769723,-0.2819356171211737,6
-0.6587002882277764,-3.4114467987446893,5
-2.756052926140176,0.44765167794147953,6
-0.25298476185863183,-1.0376318622845042,7
2.7480593942250344,0.13433416807992232,8
2.8813662015938757,-0.9473673228462651,7
-0.8785989472975333,-0.008154054201818584,6
1.3921166213333642,1.0768405004864714,5
2.440539778788664,1.5077887335944768,5
-1.3799759006668584,0.3331934563811908,6
-0.7733043470947167,5.500975724034424,3
-1.82212024305012,0.9512503840829043,5
-0.4893135371556991,0.06429474453889551,7
-1.8640933162663351,-0.2881983363759509,9
-0.47616577763394574,-0.1023721496875946,6
0.5843085304432292,0.3951538118005234,6
-1.8945027608683493,-0.8107367531945459,8
-0.4893135371556991,0.06429474453889551,7
-0.14203860706287003,2.160687800819023,6
-0.8993947017845103,1.09537937066929,6
-0.8993947017845103,1.09537937066929,6
2.039779023672954,-1.4701275654347112,6
-2.6315114308114103,-1.4004580365537354,7
-0.6993512464920661,-0.021379979965204618,6
-1.5827378682811875,-1.0438841549827067,7
-0.6993512464920661,-0.021379979965204618,6
-1.5827378682811875,-1.0438841549827067,7
-0.166995559705589,-3.272546353580615,6
-2.06843919398682,-1.7982156709684658,7
-1.1061966291738927,-2.1722522031982083,5
-2.01682691417144,0.6369338995831079,7
-2.06843919398682,-1.7982156709684658,7
-1.9758918826578624,-0.17933173461407087,6
1.6070491846408639,-1.2293322831162554,6
-1.5940118973389297,1.0620769725401595,6
-2.115370490491851,1.05086911864424,6
1.5901957343648851,-1.2289872794726069,6
0.01718423029969195,-0.5855757657850855,7
1.2520745461636464,0.9217963292897405,6
3.021934873228261,-0.9465582154148804,5
1.4316896008418014,-1.46917032873988,6
0.9514826352282746,0.2068289163367353,8
-0.8708393814422714,2.236732460315663,4
-0.8400684709207286,2.373251389349077,4
-1.8288370647333685,0.3401396896119591,8
1.3886193926068318,0.5163533506490932,4
3.1006263376997545,0.03514743331241759,5
-0.16981483720916085,-0.7807301402687051,5
-0.2426814723070027,-0.8378510922053967,5
-0.1887075649224368,-0.785693816081616,5
-2.5579697971003506,-0.9304018305989776,5
-0.8029945984038921,1.2747308883597352,4
-2.595231171658726,-1.06965537491026,5
0.10319922285277341,-0.1939725285986395,7
-1.0788011928663577,2.1589024184869055,6
-2.0883747149192695,1.1990675431856832,6
-0.7103118186604306,3.183339339558891,7
0.7692898120684536,-1.6131977997313767,7
2.5146058610902497,1.2010028908900303,6
2.5146058610902497,1.2010028908900303,6
2.3487951461100374,-1.2814289292497263,6
-0.10877519980166728,-0.38041403437420873,8
-1.191431079031073,-0.3278169883471845,5
-1.494206736941539,-1.825145867882572,5
0.7985993115230927,0.06046375175937131,7
1.6291690250551796,-2.1190098230527794,5
1.9825015007379976,0.19446903860486006,5
-1.398407251672271,2.1234461980257855,7
3.012152096130311,-0.48843216314078475,5
2.645858825143156,-1.4964102517556934,6
1.2470413620223268,-1.6068511123006621,5
3.1050885339585417,-0.6535548534568637,5
2.0677074610284447,-0.7973715156512131,5
-2.222121454058415,1.018815684520427,5
1.9825015007379976,0.19446903860486006,5
1.5926563083815022,-2.3776858813417574,6
2.574391843660017,0.5807655606923896,7
0.9528098459012151,-1.120083924657659,5
2.4191950384238834,-1.2491548778081558,6
-1.91713630960842,-2.268269179676434,7
-1.6754972449287797,0.5495852128619685,7
0.6691085321788458,-0.150878606461686,7
-0.6271691482076035,-1.034568753307827,7
4.4973545592592155,3.0206656740488205,5
-0.029219986187303242,2.5187142698876244,5
-0.9989491515285284,-0.3451824656694639,4
-1.2929680668108723,1.3755192241738914,5
-0.41394173378118604,1.2540553025051,5
0.966192272353887,1.0782278310571982,6
-1.498013082495063,0.10037640864206405,6
-0.22142587052313964,2.1348528933367317,5
0.966192272353887,1.0782278310571982,6
-0.41394173378118604,1.2540553025051,5
-0.4541156384055528,1.2749940127969315,5
-1.6114065436211527,-0.5493432998720886,7
-1.6250444804577187,-0.5293556115816566,7
2.6538730042445717,0.7745914495115838,6
2.6538730042445717,0.7745914495115838,6
-1.2327564084849354,1.1577926660661328,7
2.6538730042445717,0.7745914495115838,6
-1.965958936085752,-1.0679847443756183,6
1.0185717404929349,-1.3875657359541596,6
-1.3032373806786566,2.3156267589914616,5
0.1692002278238015,-0.40936190919574567,6
2.4498469687110895,-0.23301823306049693,6
-2.3786526416664775,-0.6309836078267326,7
-3.1925123257505144,-1.567950457198961,7
-3.5658166675925154,-2.26135096533824,7
-3.0317816198165892,-1.0479729028367553,7
2.4498469687110895,-0.23301823306049693,6
-2.3786526416664775,-0.6309836078267326,7
-1.5403626486381004,-0.3808259794000648,6
0.24072789090873667,0.8799468598264701,5
-0.08221664511525789,-1.5170258373726953,6
1.9292916912115214,-1.079963213825088,5
0.18905556460698789,-0.495025116745699,7
-0.28490559899412626,1.7676896382031126,5
-0.28632100980402153,1.8046432528666518,6
0.18905556460698789,-0.495025116745699,7
-3.818266854324455,-1.960470417579554,6
-2.6861946392468212,-0.9658418393711966,6
-0.40691498342218924,-1.4784342183462622,5
-1.2969218397501845,-1.7548601583793897,6
0.5620110369437976,0.28365113744264336,6
0.5702839954468355,0.30313926592961166,6
-0.40691498342218924,-1.4784342183462622,5
-0.896479893461784,2.0796547623456894,7
0.34600542516088933,2.390342783983406,6
-0.948740828260895,2.0603178242757054,4
2.8044930485228794,-1.3950594720196372,5
-1.8091201770287126,-0.13406137750020844,4
0.7732289913332868,0.8708716509318672,6
-0.3351451611722691,1.3517712157753505,6
-2.415343564554964,-0.09704537157344723,5
1.0044442761653305,-1.1919900019000047,6
3.333352377986654,0.7736754108963204,6
0.7648698086908293,1.3905917738684817,7
-0.7691973038330696,1.7730416700042662,7
1.8980820736968527,-0.5848346601695386,5
1.9735515356176727,-0.520413335657334,6
-0.7940987866665927,0.08493764724619607,7
-1.2801084983962558,-1.8226901721156321,6
-1.571334811993254,-0.8842718303405226,6
-1.2801084983962558,-1.8226901721156321,6
-1.3986841913979775,-2.111579567353895,5
0.20273278815221493,-1.3657990153027917,7
-0.1118278517086194,1.8698161666790936,6
-0.5513954211177481,1.022747002625147,6
0.2709080567173768,-0.2556280507541673,7
-0.18676647584786027,2.097246382838316,6
2.492562813573639,-0.990716262674265,5
2.2594604936514866,-3.0172223975930685,5
-0.9929593760196794,1.555209909306281,5
2.204133808112102,0.16596167217088761,5
-0.5513954211177481,1.022747002625147,6
-0.1755695514219506,1.4405879261983177,6
1.1322861973753788,-0.1369532324033158,6
-0.6775363288201647,1.9184524750865002,7
-0.6775363288201647,1.9184524750865002,7
0.17268721901112205,-0.6352016569758213,8
1.6313760302614333,0.7056763126860689,6
-0.12040540929433854,-0.5496688725924254,6
-0.5899640244446019,-0.7822129145319118,6
-0.31549636432775147,-0.5602514902871987,6
-0.37471440744269524,1.7309540936027992,4
-0.22793579912654932,-1.084172299625659,7
2.751075638295934,-1.3237872929823846,4
-0.1472603129386922,-0.9069184390880879,6
1.3555025034727803,-2.2130405490840928,6
1.7328459232197133,-1.9403100968610865,6
1.7328459232197133,-1.9403100968610865,6
5.04822763668473,1.191366057471901,3
0.35975415062055943,1.17569611063474,6
-1.3195671170514587,-0.8287478510009334,5
-0.5569477567528065,0.3234729724633879,5
-0.02414418876169838,-0.3093059372771799,7
-1.4858309338997515,1.1782006273855343,5
-0.32483206832317174,0.4098736679765216,4
-1.5316663243599553,1.7004874109328867,5
-0.6097154223844011,0.5360403170564065,4
4.738129148362583,0.9084258561571675,5
-1.3057737525115856,0.9945886947665958,7
-0.9279298059778406,1.297021414639676,5
-1.2687924629123486,-0.7989434497128635,5
-1.8459126540150927,2.1514385745834397,5
-0.6843530936197477,2.4804390509564245,5
-1.867287336888298,-1.0398021040036534,6
1.2260419539185183,0.568161927170022,5
1.5810250880231353,2.0410926147951343,6
-1.7986066083775867,2.3459176696471093,5
0.4929489282684291,2.6760266811131435,4
-1.8459126540150927,2.1514385745834397,5
0.09032403824032774,2.6751942849333323,5
-1.1085468330743569,-0.36106430641756776,6
2.319762383266543,-1.3332631266627781,5
-1.1085468330743569,-0.36106430641756776,6
0.5295131719002616,-2.4115334809040108,4
-0.8680815168494873,1.0464425636165993,7
1.6343473027988389,-1.1830880036477247,5
1.346893439879687,-1.6140256926712604,5
1.1766950165268475,-1.4867478322537346,5
0.5083657991835606,-0.4387817451638129,6
2.2543259433363776,1.1045954353946652,5
1.4746159985039249,-0.019295812321605738,6
-0.8787269371044313,0.9903194548069021,7
-1.658339271994177,3.484408006834438,7
-0.8326482337885296,-0.6913729187956331,6
-0.49503053645411355,1.2479165089375006,7
2.2543259433363776,1.1045954353946652,5
0.29696554025861793,2.214311619147143,7
0.8333584144982278,1.2132769081388697,5
1.8703296508554657,-0.3967214088347192,6
-2.314531655994239,-0.7321844598889605,7
1.3708161484491945,-0.8324990294025353,6
0.1763011945833497,0.5834973516583909,5
2.8117798874350948,-1.9854875676950055,5
0.8462069226721567,-1.4293927717873398,6
0.2560351286937907,-0.5684875880339844,7
0.5669588081791056,-1.1779738190003235,6
0.5669588081791056,-1.1779738190003235,6
3.1929672309823967,0.7728794749844705,6
-0.5741195523472533,-0.9927714256236597,7
2.793022709410462,1.2972386401268936,5
-1.8236715451547576,-1.8703122406352835,8
-1.1890586208103444,0.34137051935966206,8
3.1929672309823967,0.7728794749844705,6
-0.9083612501776115,0.713839283398196,7
4.392934763445534,1.4392120742768981,6
2.5560475972186394,0.6006441560794633,6
-0.5832374946485525,-0.2667185587551804,6
0.09306377561331305,1.8756934789345887,7
1.971559088348272,0.44055229424815023,5
-2.5706301828593943,-1.9688094696309455,8
0.37491194202663564,-0.9038596451715531,6
-0.5741195523472533,-0.9927714256236597,7
0.24704796912323698,-0.5341738064587508,6
-3.5400110137658274,-1.84512687218949,7
0.5669588081791056,-1.1779738190003235,6
-1.711984631379781,-0.2261844629739836,6
-1.0116452388491581,-1.61092533842259,5
-0.602211274572986,1.904461446269251,5
2.793022709410462,1.2972386401268936,5
-1.0261321115860795,-1.9717839187402073,7
-1.8236715451547576,-1.8703122406352835,8
-2.757074176357106,-0.45215099145380444,7
-3.374148833732249,-0.02921529886822958,7
0.8182398715811507,2.6751598881430168,4
-2.757074176357106,-0.45215099145380444,7
-1.8898536340847443,1.857521173756214,6
1.845106423200668,-1.9720329829797463,6
-1.0190283056033425,0.8127052334559867,5
-2.352942708647894,0.3743003665858747,4
-0.8698322752037715,1.0064319999144884,8
-2.414251836170803,-0.9163651645148932,5
1.8789655947710109,-0.4105340243964409,5
-2.4328825234499907,-0.9859919366705346,5
1.0389562235537644,-0.8713534393525443,5
1.0009675753662461,-1.1822137968834057,6
-0.8833557729515287,-0.45364525874971073,6
-1.8318400450471155,-0.20972109999567085,7
-0.14514184181944,3.9033591754668344,5
-0.16041164899705948,3.3197213461893087,5
2.016230927559054,-0.44942788626920444,6
-1.3869275701056778,-0.27663692580706933,7
-1.7784022459960598,0.2723551538786264,7
-1.2680367344016066,-0.7050517968960437,5
-1.13265312525818,1.641243393537992,7
0.13899792435467814,-0.13333167535708654,6
-0.12104807949482091,0.20165037838011104,6
2.060907777117933,-0.26880824145325244,5
0.1129686711923629,2.7164636698813704,5
-0.2816585325736778,0.5662625367273709,5
1.5854931107380752,-1.09570335115768,6
-0.647283621280811,-1.749071174221985,8
0.08444582876263543,-1.9042875660676322,8
1.2235801604951022,1.9455713302290663,5
-0.39622396226070855,3.432039561083004,5
-1.2975210167879112,2.246061741631251,6
1.612832038019782,1.9815007342645594,5
1.2235801604951022,1.9455713302290663,5
-0.7647506919148513,0.1969018750232784,5
-0.761334575162807,0.22387515862032945,5
2.2003044731305224,-1.3076897825338487,5
-0.4248091951164057,2.5728198566226457,5
0.5489564168135311,1.5096111398605472,5
-0.7191890831301911,0.479722083440532,6
1.6222593234526625,-0.8755764280710812,5
2.1563001638707213,-1.1512382739288196,5
2.2003044731305224,-1.3076897825338487,5
-1.5612150065541854,-1.3888353388142574,4
-2.3404307076535975,-2.444641649741303,6
1.0068135909964142,-0.5630067289211658,4
-0.27883857584440613,-0.3397925713956885,4
2.3438953005200207,1.0028181049175886,6
2.3438953005200207,1.0028181049175886,6
2.498468425163398,-1.9899316706589583,6
2.3438953005200207,1.0028181049175886,6
0.6169355040329751,-0.8099261182011531,6
2.3438953005200207,1.0028181049175886,6
0.3930842515397501,0.007743605761338168,7
2.498468425163398,-1.9899316706589583,6
-1.0143577448507752,2.810906743811377,6
-0.6263505499025004,-1.6719971057533178,5
-1.6453069648587877,0.0588068127975437,5
-0.7492619836657999,0.6852731619164132,6
-1.9106923468846277,1.199744011406003,5
0.6169355040329751,-0.8099261182011531,6
0.2728183122497964,0.5004920089091563,6
0.15898703929057553,2.0046842380081573,5
-1.890749849778817,1.7508891070262016,6
-1.3656254052395176,-0.28909562063761185,5
2.156858928603932,-1.5428373697305628,6
1.9351528111626952,0.11556654410427536,5
1.7089710035936119,-1.330610686380743,7
-0.17489765324485748,-1.3116216312136735,6
1.3905332248951425,2.9923229390523822,5
-0.11327554433348405,0.3436495127928088,5
0.15898703929057553,2.0046842380081573,5
0.425973151441888,1.5336228817383375,6
-1.3656254052395176,-0.28909562063761185,5
-1.166888664571314,-0.37973876240394516,6
-1.3581797672665095,0.7158633832097345,7
3.584943417789712,-0.279215234274412,5
0.4044202535069498,0.9654481943949017,5
-1.5316702110701743,0.06490127111966751,8
-0.2229534763986929,0.44139332777436796,6
-0.772640597313536,2.3194128507098353,5
-1.890749849778817,1.7508891070262016,6
-0.23517941536674447,-0.5014746103349061,7
1.8839731255475964,1.3936044693513938,6
2.216509863511147,-0.15273406441015214,7
1.1126684708127716,-2.090132830479856,6
2.7252022037155457,1.3729430364249273,6
-0.23517941536674447,-0.5014746103349061,7
2.216509863511147,-0.15273406441015214,7
1.8839731255475964,1.3936044693513938,6
-0.8056834295247121,1.858938553983615,7
-1.5297926965894775,0.007013789341872827,6
-1.8118155464855015,0.42302556391059537,7
1.4192489887998776,0.024607852632787194,5
-2.505727024239827,-2.1513066765930238,6
-2.505727024239827,-2.1513066765930238,6
0.7448595527418256,1.4434207368871512,5
3.1783213613126446,0.9935699281077323,6
1.4192489887998776,0.024607852632787194,5
-1.3306785249524193,-1.2120645386837687,6
-1.743893747866349,1.29297146832617,6
-1.3032118221968378,4.02582522138538,6
1.131286011416115,0.27150394184968796,5
-0.6663319266300841,0.3433082155032121,6
-2.505727024239827,-2.1513066765930238,6
-1.0547815425498328,4.981391053936922,6
1.0441419067802717,0.952296126758697,5
-1.9854544937604994,2.4844983942041714,8
5.400676307476433,1.5009829688850878,5
-0.5306386029228656,1.7491024867378384,8
-1.9854544937604994,2.4844983942041714,8
-0.8027551839296283,-0.8418792649810155,6
-1.4776015313793494,-2.3103377527922087,7
-0.513106025724967,0.8039229026665132,6
1.0441419067802717,0.952296126758697,5
-2.0283008119276054,0.42712275643370035,7
-2.592708064224709,0.7906274893080971,6
-2.0283008119276054,0.42712275643370035,7
-0.4398311712899479,1.1090128131906316,5
-1.3327203144271262,3.0044799584359434,6
-2.147829924686067,2.114072859460089,3
3.2207904243896213,0.02675451714283199,6
-1.2007612657052498,0.8502208693740116,7
-1.5494160079036459,1.2205137847996554,7
-0.5534241586142631,-0.045364472307465535,6
-0.0651554863763872,-0.6819166037537864,6
0.35067727237552676,0.6943337303582097,5
-2.592708064224709,0.7906274893080971,6
-0.8421805791206894,0.6632835612739882,5
-2.105348099163806,0.9268037586785515,7
1.5457911710925853,2.57855557067324,5
0.6784768243100474,-0.6576941828290467,6
-0.1133910478125518,-0.21796404273684625,7
-0.9580672302777042,2.0833283247736487,7
-2.105348099163806,0.9268037586785515,7
-0.6437476473111531,-0.4550151839448622,5
4.673929905874795,1.2995354817136413,4
0.8115397930580707,0.9763812673253963,7
-1.8290965827817516,0.7769055044368498,6
-1.8278626457768896,0.5468602074455731,7
2.3505721752099027,0.8110668173305976,5
-0.5279736868291869,-4.188354688828204,7
-0.42649202986251755,-0.40226586073458437,5
-0.5194014998022747,-0.40592503853583095,6
-0.974951424453416,-0.0347270391711216,7
1.8590377424387137,1.633502364651899,5
-0.9024873193281399,-2.512928270044852,6
0.5071648535497164,0.4548634798208588,6
1.617340068562131,-1.9253190776070732,6
1.7951368475012532,-0.8419880867051329,6
2.0707255107652602,-0.6871767491994616,6
1.9900095344530477,-0.6818807390473017,6
0.6501643292594654,0.4907641038601134,6
0.5071648535497164,0.4548634798208588,6
2.37628146777549,2.1247356715357495,6
-1.5306199838665013,0.21485249911114104,5
0.5817332016533046,-1.4691027589243055,7
-1.4450807074183678,1.5552280751318674,8
3.204449186072719,0.2075018224076263,7
1.0981315102622404,1.3793016791621997,5
3.4808986894953575,1.2748328414933343,6
3.204449186072719,0.2075018224076263,7
-0.6828347052247506,1.4916340855611432,5
2.0805307920253227,-0.11638741847613163,5
-0.6828347052247506,1.4916340855611432,5
3.4808986894953575,1.2748328414933343,6
-0.3781887958758112,-0.3969564293666118,6
3.204449186072719,0.2075018224076263,7
1.0981315102622404,1.3793016791621997,5
-0.4452747156869395,0.3708804546756356,6
-1.1470128064612357,-0.6350906724240718,6
-1.391986797478576,1.178915099218333,6
-1.174815812035099,1.4333016096021,7
2.6368811923393722,1.8979285795424892,5
-0.34962613506609463,1.4366449140083546,8
-1.174815812035099,1.4333016096021,7
-1.391986797478576,1.178915099218333,6
-0.9941645807931211,0.2597447680326354,7
-1.7013661321262503,1.9087061359237492,7
-2.3406669652466223,0.6672363655584909,7
-2.321241988041368,-0.13424554858031973,6
-0.6871139361548396,1.9879342548293957,6
1.9783652514422925,0.2091239635558484,6
-1.9899496601343494,-1.089726601736315,6
-1.5023401353428327,0.30299357255166626,4
-1.5038540681801,0.31281795680310154,4
1.9783652514422925,0.2091239635558484,6
-0.40742569140593105,0.12092214708258726,6
-1.1456940721777282,0.8592475313448418,7
-0.6310919879915642,-0.2034153384306413,6
-0.029678585103661396,1.2906031777088731,5
1.3410669026015563,2.4945178192990007,6
0.24957541178798273,0.10024743941612274,5
1.6477206155563306,0.043969038565625305,6
1.3111290855514603,1.3742026879763163,6
4.590964176581791,1.0962537113329014,5
-0.631411777251357,1.0489683433628558,7
-2.102252491652408,0.6901227230642432,8
1.1548921020586416,3.4956189152316313,5
0.42666183572968214,3.6895832818951018,6
-0.03299401801850573,3.4768526935752653,6
0.46778405374165627,-2.8612680684745824,6
-1.0388609178887263,-0.7583130058303873,6
0.2912909607993721,3.79760879339392,5
0.7566149287497961,2.3631703740233694,5
1.0754354307604865,-0.3378678885847959,6
1.9906641449808844,0.742797487456821,6
-0.17629247223775443,0.9381890024183508,6
-0.7332392869532803,-0.5383068910238475,5
-1.5282722238956223,-1.2901522934530323,6
2.392014992360639,-0.007666798174322215,5
-1.9834110630356372,1.6112410650911153,6
-2.2769484194456915,0.8227620956809841,6
-1.3854163907361787,-2.78202023438884,6
-0.45281061294333214,-2.0941414758796753,5
-0.6015062928972191,-0.3419645974922123,6
-1.7411353147658433,1.2206857856254327,7
1.4098745364641982,1.2251161905424557,6
-0.1544025604430222,0.01760314553307473,6
-3.1340726002576877,-0.9421856277454507,6
0.13010364817868278,3.194385261347032,5
0.18280685502991387,2.9847063506859075,5
0.75385732987371,-0.35221342959434015,6
4.32983998939946,0.7172800300936831,7
-0.46835972242826673,0.09809206447280851,8
-1.4116443367928984,2.603116752868827,6
0.26409881670059354,-3.9833221277350224,6
0.14828184631174918,0.5245524324906935,8
1.4848561391929689,-1.3496106530941512,5
1.4848561391929689,-1.3496106530941512,5
0.7539008096525102,1.7847669092568768,6
-0.6527078085550633,0.10295641345069695,6
-0.8300424674625653,1.2777295522689436,5
0.7539008096525102,1.7847669092568768,6
1.9793377299000754,-1.9965636813438747,6
-1.0159014047395625,-0.023463150769495535,8
-2.0422421004402675,-0.19127528481558384,8
-0.43515974502067645,0.08116043368443955,7
-0.10983640575544146,1.4351886333494832,7
0.14828184631174918,0.5245524324906935,8
-1.2139750785731964,3.842601638166365,4
-1.6497048849322178,0.4553419872107678,7
-1.9346873356682555,-0.42938143800980394,7
0.26409881670059354,-3.9833221277350224,6
1.4848561391929689,-1.3496106530941512,5
0.7629767745507501,-0.5441631359603127,5
-0.8667956175620565,1.916366289679231,5
3.3425278936265896,-0.8579482519624265,6
0.9916537116948004,-0.29642258163542284,6
-1.8001494240801772,-0.14519750420865585,8
-1.2425231377828911,-0.8727967726839124,7
0.11950531168437697,-2.0979070620227454,6
0.22599124204594187,-2.7515778747082367,7
-1.5436924702782908,-0.2454742857092494,7
-1.0437983577246523,0.17663096528988587,4
-0.8667956175620565,1.916366289679231,5
-0.7873495880668624,-0.4243556861639642,7
-1.7493006830357491,0.7662676674595762,6
0.3092842832679124,0.8509955837392841,5
3.3425278936265896,-0.8579482519624265,6
4.111097080288876,1.3004475475420325,5
-0.5778076135515402,0.9601775163044882,6
0.45475010052992504,1.5889571619009544,7
2.9389255052169068,3.890484823779075,6
2.9389255052169068,3.890484823779075,6
-2.1227749287792017,0.8291076984006078,7
-1.6934152978286743,-0.5377686245603,7
-1.243247901927591,0.5707340064551033,6
-1.107683719666372,0.40929949243699065,6
-1.0648756520479667,-0.5909329026270608,7
-1.4359052603267188,0.6336056992852491,6
-0.5862374152760199,-0.5763123192353873,7
-2.1936826557335074,-2.0889284935918515,7
-0.5952097249983542,0.07223131479936888,6
-1.033450288759189,1.28266790556481,6
-1.3588074976381244,0.18837104472764343,6
-0.6153776240193363,-3.0055760340339326,5
-2.9712740177638297,-2.7168606774992927,7
-3.116086557105774,0.09185254660622338,6
-1.4703561553575757,0.6152877049349289,7
0.8131219699701783,0.9977523101422522,6
-0.4580891380506141,-1.7494444906996471,6
-2.6913768019569715,0.45095027058490783,6
-3.116086557105774,0.09185254660622338,6
-0.6971726339907226,-0.7022368446602105,6
-2.9712740177638297,-2.7168606774992927,7
-2.288380025373199,0.9410178703622498,7
-1.4703561553575757,0.6152877049349289,7
2.7736880063947917,0.6123375948512781,7
2.7736880063947917,0.6123375948512781,7
-1.2938967587631593,0.6116980647402404,6
2.7736880063947917,0.6123375948512781,7
2.9777693108009395,-1.0618839195715941,6
-0.5825098832343901,-0.0734607518368264,8
-0.8303881109349037,-0.5805474876470171,8
-0.7096348265656266,4.038220452389875,5
-0.48987977740617084,0.2786613467186968,4
-0.4966214080337854,2.6097987962600104,8
-1.4436907189706094,1.270206516033311,6
2.7736880063947917,0.6123375948512781,7
-0.7631425729152035,1.3615644580734776,6
-1.0603065321727363,0.05074274807163841,6
-1.2938967587631593,0.6116980647402404,6
-1.1325213035265358,-0.6972007200370652,8
0.04176174243854359,1.9615476442610087,6
-1.4232559320924074,-1.207554319445626,6
-1.9536239255661352,-1.4061193339880838,5
-1.0440859127166968,-0.8563747183980398,6
4.470565676008169,0.09478835927603653,3
-0.5054496085885741,1.5952431734449033,5
-0.7798665183328631,2.742505817504565,7
1.7621830658959243,2.793088811054115,4
-1.7399070171144784,0.5881329526407124,6
-1.1825900560147338,-1.4204984195780848,5
3.1724226260034776,3.299590976267641,4
0.04176174243854359,1.9615476442610087,6
-1.4318024719511229,0.7338724167994619,6
-1.6267592212724418,1.6330825699962346,6
-0.6381803132254861,0.8847962995922108,5
-0.8385620493968045,2.2438287482842862,7
-1.1084164801239773,0.1541008034927848,5
-1.2355919234321955,1.4300102609197138,4
-1.1084164801239773,0.1541008034927848,5
-2.2318447571578273,1.1330168922532635,7
-2.1514269413037734,1.720659116616164,6
-0.6381803132254861,0.8847962995922108,5
0.9674615539239043,0.32538302464528523,5
4.921444587148661,1.5739710396236004,5
-0.8385620493968045,2.2438287482842862,7
1.8768031348515717,-0.7687644311800338,5
2.4630212627117065,-1.0127831495324189,5
3.19108790022165,1.5565137582651385,5
-1.1194437969362383,0.7875510608485184,5
0.1490112108571236,2.2135002176072556,5
-1.2179552083529157,0.7250907205076234,6
0.9806800470853277,1.3449076701689147,6
-0.5097022312501777,2.2450843973125374,6
-1.9273917218393781,-0.1971153261087441,6
-0.9459646645168089,1.0289549895247125,6
-0.9459646645168089,1.0289549895247125,6
0.09054117546611523,0.5041536831566628,6
0.9806800470853277,1.3449076701689147,6
-0.23690637862842423,1.8394119434691734,5
0.9806800470853277,1.3449076701689147,6
0.9078584135741757,1.1249085385202047,7
4.688786632097638,1.2955968590963827,5
2.613514067381241,0.9997470941909438,5
-1.9273917218393781,-0.1971153261087441,6
-0.5097022312501777,2.2450843973125374,6
-0.8812613767924983,0.9597378637143037,6
0.03270247453367341,1.373820349747141,6
-0.6129808658214769,2.4118580025167917,6
0.2678040308719141,-1.5942917119217754,6
-0.9459646645168089,1.0289549895247125,6
-0.8341946782704284,2.5007581842310356,6
-0.2785170767508677,1.497169491310714,8
-0.2979818577187651,0.31334236505877666,5
0.09054117546611523,0.5041536831566628,6
-1.9683831998032835,1.4417603714674097,7
-1.685701282499886,0.4789794586259975,5
-0.23690637862842423,1.8394119434691734,5
0.9078584135741757,1.1249085385202047,7
0.9806800470853277,1.3449076701689147,6
-2.2509500395444553,2.7566990694957507,5
-0.10490526598090744,0.524273014435743,6
-0.5806234584279436,1.2266782318144216,4
-0.4199599724620311,0.0783091574176663,6
1.0308120826580314,0.10053930799586996,5
-1.6370170694894899,1.7019996938323523,6
-0.3136443730455786,1.5137985377584704,6
-0.38777722929229497,0.9455106425616189,6
-0.4199599724620311,0.0783091574176663,6
-0.7729858447854693,-1.1082346165516193,6
0.6594837175759068,-2.537835761871484,6
-0.5806234584279436,1.2266782318144216,4
0.2561029202311741,0.7777252378814224,3
-0.8995676786645644,2.1631017922419464,6
-1.4499902752008529,0.0022900245197214827,6
3.12949973540187,-0.4738445497402987,6
3.3068437909782116,-0.24436708294837867,6
3.8699413463197563,2.230588224337771,5
-1.6140050062565598,-1.4474674843271167,6
-1.5788276215693566,1.9019691865358848,5
1.9630459898797417,0.9261929794513173,5
0.26184488270601564,1.389639228254882,8
0.15777963096564093,1.0560032839521252,8
0.509075445870659,0.9340751396968215,7
-2.203981619200345,-0.13089049874507253,5
-1.6097722837627617,0.7929641634690521,7
-1.9663926145658586,1.8621144704540382,6
-2.2236085509059644,-0.478571117897839,6
0.07672431684637342,2.1623572910427153,7
0.45020816128092994,2.097808315195281,5
-0.8567036888032111,0.40039300343439593,5
-2.074589793799595,-0.028374440940237715,7
0.04682211348581162,1.5537165885121482,8
0.6052932813782448,2.668241330997323,7
1.671911695443907,0.9924426447377467,6
1.9099623111959136,0.8597883425894396,6
2.3491117173921032,-1.3260473887281772,6
-0.41611637128366796,1.687263273769235,5
-0.05577986563666732,1.5436646436416324,5
-0.13915124919301927,3.588308797758845,6
0.16186363503796178,2.0162816130950545,7
0.6312352029961363,1.5420482205686672,6
0.07672431684637342,2.1623572910427153,7
-0.36964714624371015,0.5014811288935859,6
1.3162593902756015,1.9701016829312425,6
1.3872548323453258,1.92594014175113,6
-0.7133794734153313,2.921882023443828,6
0.45020816128092994,2.097808315195281,5
0.4994027467360417,2.0399864046297704,6
-0.8567036888032111,0.40039300343439593,5
-0.7887723889825204,0.2229084945865891,5
1.7029567790911988,0.44925370931857556,6
2.8757966020958152,-0.15229324455198553,6
2.8005022675366917,1.6945486863770562,5
0.6473808779307122,5.577385843044795,6
1.460688491392106,1.0915031581813914,6
-0.6195058570540519,0.8427653364612,6
2.8757966020958152,-0.15229324455198553,6
2.8005022675366917,1.6945486863770562,5
0.4601820388228833,1.9776906387538462,7
1.347781972476761,0.6463945237778933,7
-0.5804165838174032,0.7078235008277449,6
3.1921687073850835,-0.14731569390956425,6
-0.5143909563027631,2.8450618373642578,6
-1.5326325967704328,4.491821549156579,5
0.07001101774475832,1.6849197261658737,6
-1.1598898254601993,0.29047966899710376,6
-0.5804165838174032,0.7078235008277449,6
3.1921687073850835,-0.14731569390956425,6
-1.013734429743607,0.5855681022866138,4
-1.0597897486184678,0.7788199113074309,6
-0.9284814950648749,0.6930561576680871,6
-1.5326325967704328,4.491821549156579,5
0.5624721034402695,1.2885144811407263,6
0.3974368601275638,0.5162206388076167,6
0.45169716203309046,0.5208586377526176,6
-2.5981118088386097,-0.5808363138226013,6
-0.5143909563027631,2.8450618373642578,6
0.7066347716119192,1.1588755894104894,6
1.6995025649593107,2.3447084328470633,6
-1.2693186137110926,0.2239759504187098,7
0.4385532400540339,-0.6526771437658171,7
0.9602321965397989,0.4178041040084221,7
-0.684273820714869,-0.70815021915086,7
2.0284075010664973,0.7708180214629571,6
0.7066347716119192,1.1588755894104894,6
0.3166500271719969,-0.0771172920001853,4
-1.3697029353966643,3.7987762317553773,4
-1.1278042760800875,1.3676334946685063,6
0.1346499629461542,2.7931247491649236,5
-2.0865529933352693,0.753304481000272,7
-1.1278042760800875,1.3676334946685063,6
0.1346499629461542,2.7931247491649236,5
0.0680183997062954,2.0049778982883573,6
3.00323247097224,1.4691412216448194,5
-0.37920584934658513,0.9246314399549872,5
1.8642096573750606,-1.188905287512098,6
0.7047273143250051,0.8922329134915192,5
0.731599881238891,0.8152502064009243,5
1.8642096573750606,-1.188905287512098,6
1.0184166368829823,-1.2928920159933959,6
-0.5023660643670244,1.8675473228997004,5
0.529382141016343,3.50420186417924,4
1.0209512436662926,-1.7350528393821618,6
-1.238884156482758,0.20551699046006375,6
-0.5210388427243134,0.16800162574054803,4
2.0039039337256206,-1.5062225614160438,5
3.196658406051107,0.1339264730195115,4
2.360072024628709,3.022339870835149,5
-0.23179426451055204,3.6077413310993616,6
-0.13639067577990416,2.489994330908489,7
2.0039039337256206,-1.5062225614160438,5
2.1696021898511595,0.17367918796046708,6
3.011744411024686,1.8680936856508945,5
0.6778920442212429,2.4480563584214337,5
2.1696021898511595,0.17367918796046708,6
3.011744411024686,1.8680936856508945,5
-0.9301009054754696,0.9228537449698136,6
-0.712342962081764,1.7265747872949537,6
0.4883008179388635,-0.6473763203157391,6
-0.8617861192345242,1.8878842163903629,6
-0.32089156132394997,2.6253701955855124,6
0.5400833367158117,1.590167236016998,6
1.8077659438924985,-0.6834788505068632,6
-1.754113390594132,-0.9345019371198654,5
1.8077659438924985,-0.6834788505068632,6
0.6608865715803152,1.0822007972745453,6
-0.45636081754336477,1.1960310077738654,6
0.5400833367158117,1.590167236016998,6
2.1098085278222483,0.8837945935776567,6
-2.8212557689827977,-0.736816380585395,5
-4.2702185314557175,-0.7131057615818773,7
-0.3443182307737602,-1.104467217556368,5
-2.242097873003526,0.35893896951259124,9
-1.5604991108262412,1.4728782007980055,6
-0.1395726409463191,-0.6738304473118478,7
5.369431479641791,0.26345726554117244,5
2.5137344715232763,1.15374687660968,7
-1.5604991108262412,1.4728782007980055,6
-0.21540742241075522,2.432063307084978,6
-1.2835065249805808,2.4976024715385554,7
-0.5181215245154707,1.2123670288671782,7
0.9405113431554293,1.6673095362198238,5
-0.3524605912129707,0.05485360290110843,6
2.240762048801465,0.1217880728021497,6
-0.0412206395427368,0.11242859366925427,6
3.460458793221546,-0.696290341604538,6
-1.038049276250552,-0.42949750964555483,8
-1.2835065249805808,2.4976024715385554,7
0.46974250577863025,2.693143899487511,5
1.134406487904494,0.7448662327720637,6
0.23919825644513143,0.5215952626479214,6
0.0988636017985286,2.2007931332965347,7
0.6376527844699854,-0.8681112543981162,6
2.566320767880924,0.9615392426528576,6
0.46974250577863025,2.693143899487511,5
-0.9841458130598854,2.2662523766993656,6
0.19256374809162785,2.207526280135254,6
-1.5517032502667405,-0.15487373725407177,5
-0.9841458130598854,2.2662523766993656,6
-1.194760815387856,-0.08369798270385784,8
-0.669776077073606,1.5586415391983306,7
4.121216493898536,1.1823978388891152,6
-0.3720689338937028,1.7912531205093465,6
0.6910076089159342,1.2493413559601998,5
0.5062618617548077,1.3659465256631695,6
5.150908327396064,1.1398595472686475,5
-0.49460625618379245,2.0920231992036036,5
0.6910076089159342,1.2493413559601998,5
0.7312175435125706,-0.41474204946254734,6
2.614787811382374,-0.12865464054026013,7
2.012644736506315,1.2146507403684312,7
2.614787811382374,-0.12865464054026013,7
1.370429409528327,0.4671146333359468,7
0.7312175435125706,-0.41474204946254734,6
-2.035136817321271,2.62618793810131,7
-0.623550574063012,-0.11413993082500158,5
0.6738248336392166,-1.5970541158018436,4
-1.2490019972767448,1.272029206613551,7
3.41462736118282,0.18245921653721847,6
-0.7815227879840945,1.6762777583480877,4
6.064972494372211,0.5729822265746597,6
1.2733119296811652,0.6595836933830062,5
-0.016600284616445218,1.4062965606194247,5
-0.8117531128822553,0.23894067166280086,5
0.9614480003596407,0.4952863809909835,6
2.4247975075701755,-0.21742853106238488,5
2.1056117460533454,-0.2665138664981663,5
2.2280358187004667,-0.5250774795566011,6
1.4033477975847346,-0.27247496734876986,6
-0.9309002010823719,1.7943085597065624,7
6.064972494372211,0.5729822265746597,6
3.1730660048757655,0.5016773465008525,4
-1.6214894011773462,-0.9985490940536477,8
-1.2752646136029175,1.890008706254475,5
-0.18968884505995406,2.3350139614640195,6
-1.5729136637222392,1.893024373187506,7
-1.052661026972082,1.0734529300067557,6
0.8442597444666887,-0.054979862642427185,6
-1.4064926760716814,-0.25622730007601685,7
1.6309177227867677,-0.3327198973041207,5
1.5100528584250954,-0.20797095571862212,5
1.6610933529062555,-1.5629634297087054,6
2.3554371103891465,-1.43647228893386,5
-1.4064926760716814,-0.25622730007601685,7
-0.33381497240339986,0.5118492030033923,6
0.09304454672738428,-1.7340465926435282,6
-0.8561357478893623,-0.7633999329330946,5
3.6421182116606,-0.2859921433790871,5
0.5416222396749075,-3.368920167013487,6
3.084737333952948,-0.20493656518221562,7
3.084737333952948,-0.20493656518221562,7
3.3397026442809885,0.39561267184731574,7
3.084737333952948,-0.20493656518221562,7
1.36154718842196,-1.1963168800575794,5
3.3397026442809885,0.39561267184731574,7
1.9289490051917686,-3.864833297396406,3
-1.6736311895924316,-0.1929137122257348,6
0.37054661814449424,1.9545281126813383,4
3.084737333952948,-0.20493656518221562,7
-0.2035785473285903,-0.8146490213476046,6
1.2235542357566394,-1.1853299321240445,5
0.65378773354098,-0.22671824658529768,6
-0.8603537286891476,0.26139289636572194,6
2.6309794130573536,1.4290905942234333,6
-1.1296271273421161,-0.5898205502022893,6
-0.2035785473285903,-0.8146490213476046,6
-1.14486529904442,-1.287336973476711,6
-0.8261373828202714,-1.1269750261709337,6
1.898333398529617,0.4827031375790899,5
-0.3450954407875707,-0.03330019052711922,4
0.7342826241976834,0.3614430295934385,5
0.6804476593034576,0.40295230840025315,5
-1.567061436302683,-0.8942856132186792,6
-0.5396650603132905,-1.7579949483995787,6
2.592908256311726,-1.4899281372576314,5
-0.39169109127102986,-1.099488027552096,4
2.049914025542253,-1.4086385656323523,5
-1.73410702218419,1.8850751166477184,5
-0.5388269804495758,-0.010314550484483345,5
0.6212876570172267,0.662278001544284,6
0.08951156875100577,-0.6088643032049912,6
1.1370704471542161,0.28599472347677235,5
-1.2039600414758105,-1.028921734833613,8
-0.6185185073840328,0.06244885529795646,6
-0.7688897657610964,0.6337433033303871,6
1.116694858015613,1.8166114243159366,4
-1.5129992107874448,-0.7125645894487063,6
-0.17056286606763751,-0.36518513082428933,7
0.20968027562482605,0.2105719125176784,7
2.0430030298371205,2.2963472442989916,6
-1.2039600414758105,-1.028921734833613,8
-0.4527804268890976,-0.6961278364527421,6
0.8708399411922886,-0.8382350881686104,6
-1.4167749975869273,0.3841441223381674,6
2.897445619300278,-1.1543817058765682,6
1.1370704471542161,0.28599472347677235,5
-0.06306536939011789,-0.09104529542853988,6
-0.5017778074026856,3.0345243247875833,6
3.3430155298482056,0.2356975144374109,6
-1.995018666687557,-0.6479853386354126,5
-0.6965480718853491,1.5119955265838618,6
1.8029999163557109,-1.1217318477734564,6
-0.028806023360175598,-0.037143821561819466,6
-0.3805452185374029,0.02733079983171544,5
1.8029999163557109,-1.1217318477734564,6
-0.5667239583730894,1.0319693681440132,5
-2.392221374789649,3.395739748737689,4
0.7553839629879471,0.5465025802868816,6
-1.6944056314249034,1.2143501196615805,6
1.4580463801909103,-0.4781703278412575,6
1.9380800186342124,0.6805712224732281,6
1.2790443498726318,0.9978144986307449,5
2.8473163789568,-1.322724110928855,5
-0.33243115293374154,0.9962393703758248,5
1.9380800186342124,0.6805712224732281,6
-1.4067677622580885,0.8078823221814995,5
-0.5958612222965016,-0.7207968385091565,6
1.7072684862363716,0.08817614319452664,6
-1.0023426248130531,-1.106902449850226,7
2.1404656861327256,-1.1929590709805147,6
-0.40356315033954127,-0.9701986629052808,7
-1.8038828349214073,-0.4344323368267783,6
1.4580463801909103,-0.4781703278412575,6
1.7513320634278704,-1.073023310496263,5
2.331906955826154,-0.9524487443641106,5
-1.2524439446878175,4.2442454870169755,5
2.4071412796485463,-1.8831561901064968,5
0.6010571126266171,-1.72022381809722,6
0.13657659660465454,0.8468687366213925,6
-2.166559152999806,-0.836961176787825,7
0.43216064712406244,-0.18465423401965633,6
1.7513320634278704,-1.073023310496263,5
2.331906955826154,-0.9524487443641106,5
2.0617632412408944,-1.0741787681772024,5
1.0946918082510997,-1.2351060506707732,5
-0.4575924503520416,-1.1149131537182435,5
-1.3743284270571623,0.6328872610407401,7
1.0994536307689498,0.8980795793335464,6
-0.18736975547656176,-1.5595987427839615,6
1.0236871929854694,0.9084235612868778,6
1.0994536307689498,0.8980795793335464,6
-1.0737503283009895,0.49256113877000623,6
1.7129939274012778,2.5066364248659845,6
1.969942780084426,-1.800842956975873,5
-0.18736975547656176,-1.5595987427839615,6
-0.9211653312328998,-1.6370174857474433,8
-0.9211653312328998,-1.6370174857474433,8
0.933895656429663,0.7920315379401158,5
-0.42668566892155646,-1.4736577867687635,4
0.8803875920032991,1.085561857011889,6
-0.07180159846930982,1.4476402464062494,6
-0.5625152491953546,-0.9262571553633735,7
0.8803875920032991,1.085561857011889,6
-1.5054618377946347,0.8268047243619973,7
-1.257444231427162,-0.5856465380113481,7
-0.5097168743586137,1.2716522572272113,5
-1.1091310982412848,0.2788586158845232,7
0.9246341840351051,1.8469450683318938,5
-0.5691879198156552,-1.0183892115738102,5
-0.35993503022913154,0.8099267772474051,6
3.3369853711632804,-0.7947206806663782,5
-0.34066353586492726,-0.8012032809228717,5
0.6319508112611276,0.3522819709509938,6
-1.598130390250428,0.08803404605526191,5
-0.45931004516945473,-0.11254565622649775,8
3.126484454452086,-0.10823674919749655,6
0.3403364837001801,-1.7693111116437992,6
2.172664715962131,0.05564510908592243,6
-0.7290459692435846,3.0729133315544033,5
3.126484454452086,-0.10823674919749655,6
0.3403364837001801,-1.7693111116437992,6
2.172664715962131,0.05564510908592243,6
1.5443768070970687,1.0625102606381847,5
-0.48224194327070635,0.9367062055380022,5
3.944003265816189,-0.030326905791937888,6
1.5443768070970687,1.0625102606381847,5
3.944003265816189,-0.030326905791937888,6
-0.08508606822259401,-0.7166038619468575,6
-0.48224194327070635,0.9367062055380022,5
-2.767480386776838,-0.7510860507324549,6
-1.6079262587104308,1.0329813140148894,6
-1.8008144311199776,2.157682544104776,7
-1.4822728574227888,0.6325678300735135,6
-0.1464026250711369,-0.7969228011709657,7
-0.6849565135838187,-0.6152351107995239,4
-2.926990676417066,-0.9030131942187634,6
-2.458027161908243,0.01216001020023472,6
-1.4822728574227888,0.6325678300735135,6
-1.2372374593190392,1.3651123634474094,5
-1.8008144311199776,2.157682544104776,7
1.3628935654531944,-1.1985127766730606,6
1.2602561757307358,-0.8828709002837611,5
-1.3659220457712071,-0.07742241657954825,5
1.2602561757307358,-0.8828709002837611,5
1.3628935654531944,-1.1985127766730606,6
1.4075441106384685,-1.2865309979986415,6
0.578399669084284,0.3615440796768766,7
0.578399669084284,0.3615440796768766,7
0.44507358181892764,0.14434672160630607,7
0.578399669084284,0.3615440796768766,7
0.44507358181892764,0.14434672160630607,7
-0.13272336869609994,-2.0628193081149266,6
4.643334673081036,1.0823818770236981,5
0.890439108671909,0.6584168421256892,6
-1.2785643938120854,-0.2718578797055631,7
2.755840408968207,-2.2672409973760486,6
0.890439108671909,0.6584168421256892,6
-0.7594645370156602,-0.8005094553809973,5
-1.2785643938120854,-0.2718578797055631,7
3.821114605805189,-0.40586912674735703,6
0.8864686409451403,0.31228966622400944,6
-2.1597439958504805,-0.29075745766424455,6
1.8724309112797644,-0.6187465673928656,5
2.418266871335075,1.1507292587081184,5
1.8724309112797644,-0.6187465673928656,5
4.617511621188986,1.3529660080932653,5
-0.5389982951529848,-0.6918833205622112,6
-0.2604128625164972,-0.4339288658959578,7
-2.1597439958504805,-0.29075745766424455,6
-0.9369210399769604,-2.2109410133919387,7
-0.23568412410659212,1.1333529667831272,5
0.5092617839989227,-0.8243336123831368,7
3.236855541256525,-0.2541514481614514,6
1.512746606738033,2.239254366261344,4
0.4736516292865064,1.7858126338690234,5
0.4346408206391879,1.8414275970160559,5
3.236855541256525,-0.2541514481614514,6
0.3092271760067934,-1.8068973678342775,6
2.439132539101034,-0.2390728278669422,6
-1.2912557808493643,-0.254695979581756,7
1.6353946918586302,-1.050139762760771,5
-0.8681626417923458,-0.802503406125957,6
2.8161594300023993,1.3304436098316093,6
2.339368815488613,-0.8758652625017287,6
0.1695176739926535,0.44461988602805824,6
-0.4980118780193452,0.4949821186799037,7
0.7991931987333037,1.50809602053531,7
-0.6830976436884126,-1.3135889406638876,6
0.12365821733542431,-0.9914736589895039,6
1.8293397945771723,-0.7774348969132024,5
1.8293397945771723,-0.7774348969132024,5
0.2132624182923461,1.3810994200100837,5
2.170565848866943,-0.9011000062645645,5
0.4353751143365417,0.5346542210942867,6
-1.4034426348870717,2.156886030688193,6
3.4796431767548914,0.25004560902077244,6
1.799836027145163,2.315615332556251,6
3.199835409602018,-0.07617894821809028,5
1.799836027145163,2.315615332556251,6
3.199835409602018,-0.07617894821809028,5
3.199835409602018,-0.07617894821809028,5
-0.27551210100646517,-0.8628594560096944,5
1.799836027145163,2.315615332556251,6
-0.8305114553850039,-0.5574895196801126,5
2.2272869569764233,-0.4060813236560182,5
3.033656051001933,-0.5762277153384467,5
-0.5800247328873116,0.7672671324219063,5
3.199835409602018,-0.07617894821809028,5
2.954622929413655,-0.1017335026222455,5
2.622861878365816,-0.5483697081832154,5
2.622861878365816,-0.5483697081832154,5
0.9514609151473004,0.4257093145168975,5
2.8947850856831696,0.6079817712467614,6
2.3853946042846155,2.1476439211578784,6
2.3853946042846155,2.1476439211578784,6
0.3809928164266568,0.35966998565679237,6
-2.2764421677000737,-0.7351620284017564,7
2.9507202153668066,3.574896655998213,6
-0.24435337605325697,1.9599947062654783,5
2.4193413738793184,2.261010026903014,6
-0.8082987734909427,1.3790899533840695,5
2.8947850856831696,0.6079817712467614,6
2.3853946042846155,2.1476439211578784,6
-1.1752743731310002,-0.3894030624467589,5
-0.46726622099553317,0.09554139174344181,7
-1.4815570985290516,1.5225799465600514,7
1.2137468933212783,0.6832304905892184,5
1.6827751762078482,-0.13935262687746036,5
-1.2421097011683566,0.7324165010898518,6
-0.5799563993769956,1.910166436665231,6
0.41341189936179534,1.431778107657453,6
-1.5886858053171409,0.9562288762474647,6
-1.4815570985290516,1.5225799465600514,7
1.6827751762078482,-0.13935262687746036,5
-1.2421097011683566,0.7324165010898518,6
2.7519826077297043,-1.0587652370258858,6
3.2519349624477876,-0.42866072714598313,6
2.0325748407484654,1.0449213131148976,7
1.2137468933212783,0.6832304905892184,5
0.052279705410869313,-0.28647357252994066,5
-1.6675975610962528,2.4549611583964737,5
-1.3325908370511867,1.612272806545147,4
0.5711769220176564,1.2244649173728457,6
0.5889740908771695,1.2098841936748264,6
-0.03301311658786347,0.37362395384030084,5
0.35824367326105067,-0.3884859544237301,6
1.6650740372209205,1.5030297177001721,5
2.5758227244439844,1.6132329206551657,6
2.603739582443133,-3.0730916555823464,3
-0.033847922380957005,3.1471362763962523,6
2.2230571657380733,1.9006936901578309,5
-1.285788507653128,0.015975740724355474,6
1.6650740372209205,1.5030297177001721,5
2.5758227244439844,1.6132329206551657,6
0.15846855431423518,0.10052816424980536,7
-1.3400788791449412,0.5347039150946511,5
1.0334453665881256,0.2365669095809152,5
4.456274047353007,1.5877201254254079,5
1.0334453665881256,0.2365669095809152,5
4.456274047353007,1.5877201254254079,5
2.0329296760948563,-0.6848834481246332,5
1.0771248088903085,-0.4214783763616347,5
1.1569976292204538,1.2059725425974681,6
2.183970048512018,-2.334920995488249,6
1.0212327470527454,-0.630358692828558,5
-0.39873510834888337,-0.5336478582889518,7
0.9331576492112635,0.8032324156980055,5
3.2240531375292263,0.4116711045890547,5
1.4538319523118495,2.502507355268563,4
-0.8815756778985128,2.0546345101915247,7
0.8307058866092423,-0.5903838577427668,6
3.2240531375292263,0.4116711045890547,5
2.633157752187451,-0.23716757784727566,5
-1.6642257199659962,0.5167457806413324,5
0.2600279190375645,0.4352724485829668,6
4.771756519981598,0.7205503143932619,6
-0.974747259925945,3.542729129245772,5
-0.974747259925945,3.542729129245772,5
0.7402719197228895,3.3863792326232947,5
-0.28462181620418764,1.9278125127521244,5
4.771756519981598,0.7205503143932619,6
1.5578621626931892,-0.2560678412896063,5
2.7313179922405304,0.17959148276388315,6
-0.39114427098289284,1.3705095041822428,6
2.196759143806614,0.49193425662006995,7
-0.31835938280687204,-0.6386359462679109,6
-0.8980456928406021,-2.7975679285495834,7
-0.3465566640431309,1.2412341781618048,6
-0.8980456928406021,-2.7975679285495834,7
1.1178778951998323,0.6095469960307804,5
3.1713241759654127,0.47814169664320183,5
3.1713241759654127,0.47814169664320183,5
2.0419522111315866,-1.1374271109041099,6
1.2221965192382405,-1.9310353566186855,5
1.0657573035147163,0.6941459261160169,6
-1.0201898118195372,0.8077124432878194,6
3.0042547919292883,0.6087120524016209,6
3.3271233355890657,-0.08871532078604387,8
3.3271233355890657,-0.08871532078604387,8
3.3271233355890657,-0.08871532078604387,8
3.3271233355890657,-0.08871532078604387,8
3.3271233355890657,-0.08871532078604387,8
3.7140788386607144,0.7818496725116121,6
-0.07278633557111945,0.7385425685608646,6
1.4897211612302614,0.2801198404319859,5
2.543619194354167,0.13367926730808702,6
-1.9028174839164775,1.1719430192684366,7
-0.8780967326886538,-0.1835755108736267,4
3.3271233355890657,-0.08871532078604387,8
-0.27986947247542326,-0.5848460464028356,5
-0.29692961655939526,0.18428203551595917,6
2.644003475844971,-1.2933971154710788,6
3.1230936106804816,-0.49692883492993706,6
2.644003475844971,-1.2933971154710788,6
3.1230936106804816,-0.49692883492993706,6
3.1230936106804816,-0.49692883492993706,6
3.1927216548533304,0.22184111093744108,6
-0.4895917089474871,-1.0957268768814497,5
-0.4849720169649367,-1.2016488294757444,5
-0.3400248179924264,-0.6263189936449652,6
-0.29692961655939526,0.18428203551595917,6
0.34515884008020026,-1.55019022988879,6
2.644003475844971,-1.2933971154710788,6
3.1230936106804816,-0.49692883492993706,6
-1.8425946995753204,-1.0138088681917916,6
-0.32043598828570413,-0.6569481702001188,5
-1.0347931345865322,1.326993624643196,7
-1.4392794345203295,1.053154090107729,6
-0.32043598828570413,-0.6569481702001188,5
-0.5288449994550712,-0.3675165184160944,5
1.4301666984376575,-1.0426727912937808,6
-1.1661059154961577,3.2447993974487663,5
-0.6964388577192914,0.7430342655365934,6
-2.226011630012809,-0.3365482883938409,7
-1.1661059154961577,3.2447993974487663,5
-1.4967847676717547,0.4338182464898067,7
1.4301666984376575,-1.0426727912937808,6
0.1253765623592445,0.07525134313330306,6
-0.434012634950989,-0.732538987697645,6
2.1305875262940193,0.2162307603362399,6
-0.434012634950989,-0.732538987697645,6
3.866982796805951,0.8709549157800452,5
2.2748549288980655,1.8604705648330038,5
-0.4059819566643164,1.1813269150538002,5
1.5242980617410462,-0.7736572829569709,5
1.1507497278672787,1.8328902268176324,6
2.1305875262940193,0.2162307603362399,6
0.09148530777845666,2.6234791408701166,6
0.20368209807520868,0.4607973402775505,5
-1.8697745398929186,-0.5770083603798605,6
2.135997312374623,-0.9724044712632086,5
-1.255692364228617,1.065322293819151,5
-1.432531308471529,3.0273156824899714,5
-1.3267359569408181,-2.8725522736800237,6
0.20368209807520868,0.4607973402775505,5
-0.6744536053095536,-1.1671604400161528,5
-1.461751965632107,2.7964119043080045,5
2.2809051240528153,-0.9306133305216776,6
-0.6744536053095536,-1.1671604400161528,5
-0.7335396790668869,-1.1066714451048394,6
-1.0722378221588191,1.4975917756927506,6
-0.010495592338920695,-2.0017276912246063,6
-1.461751965632107,2.7964119043080045,5
1.2454279527347538,0.8031638784431799,5
0.8241204251163762,0.5697844281539863,5
0.8853360021349029,0.5396870627132102,5
0.5290233781340855,-1.762452570828696,7
2.25303947997746,4.862158680994677,3
2.5763110729665546,-0.5911405057494423,5
2.5763110729665546,-0.5911405057494423,5
-1.688056333117902,2.4317353422883956,5
-1.688056333117902,2.4317353422883956,5
-0.4458022598250245,1.1287470695452892,6
2.5763110729665546,-0.5911405057494423,5
-1.2674718387050463,-1.2671526687799766,7
2.317816662981272,-0.019968033880565766,5
0.19399910987980626,-0.41921957349110495,5
2.552163802966203,-0.9161440410684306,5
-1.6499750874185708,0.04200941194169741,6
-1.3167410362528096,0.07360126710395036,5
-0.1890033268997231,-0.843903817975732,5
0.962818052846025,-1.7776718913947942,6
-0.4714276265529725,1.055022500654735,5
-0.09172361610403965,0.9171473273708938,5
-0.04548843471825378,0.8021746778648065,5
-2.492184324229294,-1.6213860300618146,6
-2.228162151555059,0.37715707838746804,7
0.45578392863189826,-0.18687681987979535,6
0.16211888190738305,-1.0281399255220682,6
0.7722361829974366,-1.487910381664506,5
1.1493239922736362,-2.036488326677595,5
0.962818052846025,-1.7776718913947942,6
-0.1890033268997231,-0.843903817975732,5
-0.6466619771134456,-0.41027913404189936,5
0.48546754383739116,-1.490504473863023,6
-1.5341533166787242,-2.7532535125051196,6
-0.12240191638221963,0.32502495248181756,4
-0.6466619771134456,-0.41027913404189936,5
-0.29260937958310135,0.550724329620332,5
0.3929240995814979,1.0920222460554816,6
0.5553797935930574,3.6645446043506773,5
0.629459122912845,-0.45933714264944564,6
0.629459122912845,-0.45933714264944564,6
-0.39256527864711444,1.4695741307919723,5
0.7362696994484114,0.7561102856588245,6
-0.08187150235126275,1.4882467542921636,6
0.629459122912845,-0.45933714264944564,6
1.4865126994976021,-0.45799753635546125,5
1.3034817553351987,-0.42054561859157513,5
-1.3919034025605022,-2.196212813008224,5
2.0559407101384295,1.826281793764841,5
2.0559407101384295,1.826281793764841,5
1.687330538311193,0.45278667685788876,5
0.06657629471016567,0.6556504661953186,5
1.3622301810153128,-0.5989381701114043,5
2.9487141003645276,-0.9444197978970802,6
-0.16614715893389193,-2.4912563736123974,5
1.3622301810153128,-0.5989381701114043,5
-2.45522485388691,0.565794331525515,6
2.4121614879070767,-1.0639095654201989,5
-0.2173460409859522,-0.7472289865154225,5
-0.16614715893389193,-2.4912563736123974,5
0.06657629471016567,0.6556504661953186,5
4.168710089778501,1.1710694826698531,5
1.4207991002507783,0.786468031418215,6
2.9487141003645276,-0.9444197978970802,6
2.2208890295125663,-0.034288686325827294,6
2.4309680504033615,-0.879086220362331,5
2.4309680504033615,-0.879086220362331,5
2.4309680504033615,-0.879086220362331,5
-1.4767656347657159,-1.833438481034051,5
2.2208890295125663,-0.034288686325827294,6
2.4309680504033615,-0.879086220362331,5
-2.683765271103348,0.9675259966151678,4
-0.9916999912214045,0.6354226311264682,5
-2.0631887047743582,-0.6926597364302503,6
-0.7902678408720177,1.5360295282753362,4
1.9957990945854476,0.205794593203562,5
-1.3474190779831132,0.40235684376370984,7
2.0100612908156625,-1.1715444312746566,5
1.9957990945854476,0.205794593203562,5
-1.3474190779831132,0.40235684376370984,7
0.9776280515881511,-1.189071337704606,5
1.7050672918043932,-1.1103705349314488,5
3.2922820227967167,0.1385493126389214,5
-0.2625818599758829,-2.625363031210964,6
-1.8257729081729916,-0.11909970348907738,5
-1.3623908909597429,-0.3777955549730592,5
2.555645347341587,-0.7243014910961725,6
2.555645347341587,-0.7243014910961725,6
-1.0328412742974789,1.3730902515871173,6
-0.334849619986103,-0.2892734945657371,6
1.4760146383608934,-1.37041461112902,5
0.14887912493291844,0.6802420721279151,6
1.4760146383608934,-1.37041461112902,5
-0.6767189003736747,-0.442177971825352,5
1.4440421471095268,2.2810585282592473,5
1.9920860787816483,0.44459629104222864,5
1.9920860787816483,0.44459629104222864,5
3.137262525914508,0.599809286413577,5
-1.9782495041976185,-0.9061795404778126,7
1.7013399503607907,0.66033014664447,6
1.4316376329348424,-0.8810263149251691,6
-0.02387423070760418,-0.2426839461623517,6
0.6760829084239425,-0.24346341844293373,5
1.4440421471095268,2.2810585282592473,5
-1.4841140726711635,0.19700440096954586,6
-1.911896178490953,0.5405487589220745,6
1.9920860787816483,0.44459629104222864,5
-1.4839375325430655,0.9490206905039065,6
-0.7838267454283327,0.9087766622774706,6
2.535161246249872,1.8353299176475975,4
0.9941826651826766,0.7866377653618362,5
-1.9124313665572588,2.417068197038246,4
-1.3259608760861248,2.3585977095806414,6
-1.124305264429747,-0.9996066336873186,6
-3.342048102305623,0.6021318089626707,4
-0.3100721388453728,-1.3631933475356464,6
-2.5097887845841638,0.16702228694490148,7
0.8721702326582517,3.824120851951498,6
-1.3259608760861248,2.3585977095806414,6
1.7966212380557596,1.8091223002046444,5
0.16708234263614039,0.26106504389452445,5
0.16708234263614039,0.26106504389452445,5
3.09262090007025,-0.2914667444058129,7
3.09262090007025,-0.2914667444058129,7
3.09262090007025,-0.2914667444058129,7
3.09262090007025,-0.2914667444058129,7
3.09262090007025,-0.2914667444058129,7
-0.060917140641549294,-0.007794428871020343,5
3.24208974086747,0.908918608852193,5
3.09262090007025,-0.2914667444058129,7
2.929952610855383,-0.19384934243842894,7
-0.060917140641549294,-0.007794428871020343,5
0.10048847257786926,-0.7934833886256221,7
3.24208974086747,0.908918608852193,5
-0.9222322946499385,0.5444717444761215,6
1.5578838726686701,0.2940975135767608,6
-1.0471399053034434,0.8625752561652775,6
0.834539613761362,-0.6445261822460544,5
0.3120702375492156,-0.8448010749165349,5
-0.023844692277907212,-0.7117020327005805,6
0.8086911204573752,0.9263884954190097,7
1.132786268598717,2.174532268077104,5
-0.6130973946686077,0.3472157346495929,5
0.20843083242792038,-0.4989537063734908,6
1.5202282099940054,1.1335595353123795,6
-1.835247559360239,0.6054347439858108,6
1.7768011124208145,2.353637182795883,5
1.0092550396091313,0.5571830031494504,6
1.5202282099940054,1.1335595353123795,6
0.20843083242792038,-0.4989537063734908,6
-0.6130973946686077,0.3472157346495929,5
-2.552417958639573,1.1695499215979959,6
-2.1174241108475167,1.2680566720832511,6
1.5163655934727402,-0.7913713534184299,5
2.8885645956814128,-1.4617262224309648,6
1.0302149741149573,-0.9814728370068468,5
-0.5599829672514001,-1.1278723723423165,6
1.5163655934727402,-0.7913713534184299,5
0.10136840402646395,0.8013593733170282,5
0.23591004057552564,0.31446961180446653,5
1.6163500829823336,-0.18404727441614344,5
0.5454087522163465,2.777716195829217,6
-0.8726697963294938,-0.5462600866580831,7
-1.71658340131323,0.5480412406272471,5
-1.6646828177152668,0.23100983580222104,6
0.3061011294986776,-0.17297568446949607,7
-0.5787577504443329,-2.1864571941332196,6
-1.6646828177152668,0.23100983580222104,6
-1.0859658076546368,-0.8843094567124861,6
-1.71658340131323,0.5480412406272471,5
1.9800539322608026,1.4462686457502156,6
-0.7725777983947287,0.5567402120334197,5
-0.8982084599832951,1.5297636226347882,6
0.25858551243209027,-0.7620694086032602,6
-2.158323518687008,-0.174371861609153,7
-0.782402739174496,1.0279883311524658,6
1.9800539322608026,1.4462686457502156,6
0.649333084524416,1.172689153744139,7
1.7958932119998001,-1.0718636710619847,6
0.649333084524416,1.172689153744139,7
2.575920655270158,0.8818628927653309,4
3.12447540309208,1.0551586224185356,5
3.232456690869008,1.1049947883920845,5
1.6442143284511952,0.9928242667522237,7
0.07470530541108938,0.0971823695844593,6
1.6442143284511952,0.9928242667522237,7
0.07470530541108938,0.0971823695844593,6
-0.21828803607167335,2.5965717070589283,6
-0.2629780055487105,-0.6527740589127109,5
0.14324455932694005,0.4030507760496549,5
0.7672113611405412,0.08767699368205113,6
1.3229947082913307,-0.6719893544012022,5
2.1731101074898027,-0.6554835380996504,4
-0.3114275761825816,-2.207838370988678,6
0.7672113611405412,0.08767699368205113,6
1.4354076464859042,-0.4839606915076336,5
1.3229947082913307,-0.6719893544012022,5
2.6051952594256784,-0.18920814815401582,5
1.5382473463348176,-2.1714467278112877,5
2.3233746982811043,-0.8838804736781638,5
-0.23565479421322533,0.5924028860224815,7
2.1731101074898027,-0.6554835380996504,4
-0.3114275761825816,-2.207838370988678,6
-1.4434904760399405,0.5826058732211084,6
1.3380195066734732,-1.4326567486507404,5
4.935710939548993,1.5542787093363262,6
-1.0790006191730155,-1.0212168957852694,7
1.3383238146218837,-0.6063680323036923,5
1.3380195066734732,-1.4326567486507404,5
-0.20623686342917777,-0.9415410445471866,6
-0.4106260738013124,-0.6610553411416427,6
-0.7547539636458882,1.0151968222705436,5
1.5888773120596573,1.0607187034766918,6
2.436985224964585,-0.6616847993199007,5
1.5888773120596573,1.0607187034766918,6
2.436985224964585,-0.6616847993199007,5
0.20536607922653224,0.0027563177767013897,6
-1.9547865484269966,2.574924630178256,6
2.511286490505564,-0.43040196519014234,5
1.3580081133903081,-2.0931707045820427,6
2.511286490505564,-0.43040196519014234,5
0.4647443815117586,2.282526529138108,5
1.3580081133903081,-2.0931707045820427,6
0.6717581228346908,-1.4932316747331018,6
3.7819351986233958,1.4995488622808526,6
-0.8484580814644831,-1.4389771003570127,7
1.7335916041309873,-1.407815756483533,6
-0.5585373309138261,-0.988830258502148,6
-0.7344487117443276,-0.5679997798168084,5
-0.8484580814644831,-1.4389771003570127,7
2.88338783537718,0.32145108900935593,4
1.5172308807487764,-1.1597187515064615,6
-1.7247101066343036,-0.31092652724224956,6
1.5172308807487764,-1.1597187515064615,6
1.9841875046454036,0.6879157561467895,5
-1.8190099879372315,-1.60228542110507,6
-2.0946930695361026,-1.676740527324596,6
3.4728392871307023,-0.7428071643153521,5
3.4728392871307023,-0.7428071643153521,5
3.4728392871307023,-0.7428071643153521,5
3.4728392871307023,-0.7428071643153521,5
1.5991592106664663,-0.6615986198783879,5
1.6505069263851004,-0.6712305681441013,5
3.4728392871307023,-0.7428071643153521,5
-1.7298714813285565,0.48412849586874657,7
-1.241165921577179,-0.9696637294590016,7
0.05084548818112942,1.2221182394546706,6
0.17628123619476,-0.9413169752992525,6
-1.7298714813285565,0.48412849586874657,7
-1.3333845822135644,-0.7689551239546509,7
0.8165997095856308,-0.5041450828434831,6
0.49306307792409965,-0.9587715170857598,7
2.301038360628255,-1.2189792566154318,6
-2.784869388932293,-1.1255541308907924,8
-1.3333845822135644,-0.7689551239546509,7
-1.9841066406578751,0.07438513662428198,7
1.1033394071423017,-1.0259158178491914,5
1.4076713799479101,-1.6080162078650493,5
1.1139499952122618,-0.45845415397527933,5
0.1449829601329569,0.8206192642288355,6
-1.194856795235502,-0.5008888431392707,7
-0.8677652518341842,-1.4051456928719133,5
2.535802092290114,1.5503141658664579,5
0.7634182946980873,1.9293254540542968,5
-0.8353075804047824,1.5220554743864905,6
2.535802092290114,1.5503141658664579,5
-1.6121083549234276,-0.5688777463410967,7
0.7634182946980873,1.9293254540542968,5
-2.7822955223764216,-0.22839708920560325,7
-1.236344570638408,-0.12092088741113488,6
0.9276743125641946,-0.5989641000694464,6
-1.7494701344887116,0.5126673727919014,7
2.4805677141316593,1.0734258083193535,5
2.80896383767173,0.7178539715545632,4
-2.6607316695074985,-1.4853116078730209,7
-0.08789501779399708,0.693200122949841,6
-1.5489767306555335,-4.853721741753836,5
-1.470553591962857,-1.5655800407651528,6
-0.4782772196446049,-0.5243390232291192,6
1.4404476159865105,-1.090589714553756,5
-1.1556636531809596,0.6570860471698311,6
0.9313750700429297,1.6437603854357132,5
-1.1556636531809596,0.6570860471698311,6
0.9313750700429297,1.6437603854357132,5
0.5239465909723061,0.4967558560421425,5
2.3381352338258417,-0.4457127068620617,6
-0.5528931876531067,1.4026272760730312,5
1.9209773245021646,-2.2705609936448465,6
-2.086060830400974,-1.6985949712181958,8
5.327796751780733,-2.417676125214659,5
1.3095331335835942,0.8671838098454707,5
1.5720306090960792,-2.712863641511863,5
2.4419006611779266,-0.9374078842936451,4
1.2976675648981955,-1.5429048867584696,5
-0.21939202520823187,0.1617333300506514,6
0.2777371040375148,-0.8614448599331753,6
1.2976675648981955,-1.5429048867584696,5
-1.752467843464917,0.5095071442255978,8
-0.9164662388911478,-1.2277180104055878,5
-0.21939202520823187,0.1617333300506514,6
2.0156847691417643,0.4319979214336947,6
2.975131822649285,1.2563632116096606,4
-1.297920965629289,1.4158128705014055,6
-1.49056729960072,1.72226762833986,6
3.0974734247372435,1.08396973261648,5
2.4603378380241963,-1.5370792932445878,5
2.431796634295557,0.1924397068840575,6
-0.14699613889165994,-0.7185896747926072,6
-1.280344659230604,-0.700353491505357,7
-2.1757682950587096,-0.6737288405606288,6
-1.6265280187074826,0.7075035756921374,7
-0.6130356118025287,-0.18832422471864205,6
-1.5713648346433673,2.305339192545446,5
3.057500961995132,-0.5755315752567842,5
0.8300819411810378,0.35170100209403576,5
1.0434345828078324,1.134973472231975,6
-0.054125205083874556,1.333738390986554,5
-0.9798930702945083,-1.5934434033667528,6
1.7931943523285674,-1.4944181400227217,5
0.6253679758094588,-2.5790280668008787,5
0.29511007959167723,0.8337625534173438,5
2.384228020296411,0.21987642301649496,5
1.7290576845920287,-0.13384699237499625,6
2.0490317103825144,-0.5493941853903928,6
-0.81766520296663,-2.3523442453532657,6
-0.9577637311717995,-1.7591858310632207,7
2.490137368106364,0.03162089103236934,5
-2.7042527558392044,-0.37941766740514793,4
-1.74712364172761,1.940573293246083,3
-0.9595018042573246,-0.45380990998753024,6
-1.2187912958758358,-0.7795046908189935,6
-0.9595018042573246,-0.45380990998753024,6
-0.02075985452065135,0.1157399454730633,6
5.136838909329772,1.5632208721828909,5
0.3095320456339454,-2.222799802346921,4
0.3979837351193767,-2.273338949626695,4
0.1460534260568222,-1.0969630015667984,6
-1.1797026971982432,0.3401565022815767,8
-1.5423890092951789,-0.11846951093727238,6
-1.1797026971982432,0.3401565022815767,8
3.1125909551139315,1.6818771231662073,5
-0.036279532947561366,-0.6982328705799467,4
-0.05479296660944677,-0.6524531462844698,4
-1.7733496131269362,1.8749543202197778,4
-2.273418834883232,-0.6240694006202474,8
-1.1258041709155442,-0.9764544042969082,8
0.477979886938706,-0.601320048085637,6
0.26277388869692203,-0.576741969361149,7
0.3094097780086182,-0.5987511205080223,6
3.557927337964105,-1.4843673150009289,5
0.5122129452799602,-1.7947030386339369,5
3.531544753956963,0.9400856143102789,5
-1.995934411030126,0.4779380724514065,6
-1.8795754463652825,1.5266411565540512,6
-2.0266593145188927,-2.0369703905344165,6
0.033368995193174926,2.4870540841822497,4
0.015952676720869047,2.870609728102216,4
2.0286685663593733,-0.23835746315141892,6
-1.2963676171632346,1.7497939098436346,6
0.8453931594396921,2.9254255729909926,5
1.4704973312166845,-1.2105127095586388,5
-1.995594880665487,0.942335337656586,6
-0.8682952403256956,0.027313768617523805,6
2.440123558465521,-0.760801518365819,5
-0.8921152323008742,-0.5047898195011209,4
1.1015649313703888,-1.3598053437049158,6
3.7994457963703314,0.34931598781844836,6
2.1102864379286292,-3.028337719731188,4
-0.8921152323008742,-0.5047898195011209,4
1.5675359015677752,-2.921473599322884,4
-0.2683015286177907,2.030670929820709,5
1.0636446682494367,-1.3590290855067062,6
2.113437067629226,-1.0586755924779028,5
-1.3309134404959908,-0.3207214539574391,5
4.066196313457616,-2.209942688219998,5
-1.478081301831879,1.758365167070611,7
2.243394203595902,-0.8383963488648719,5
1.723865317394359,-3.1734829475172206,5
-0.8114586617351212,-0.4733255672653307,6
1.723865317394359,-3.1734829475172206,5
-0.8114586617351212,-0.4733255672653307,6
-0.8871512848449922,-0.2736214239101526,6
2.2808780057750404,-0.39750831664439285,6
-0.8871512848449922,-0.2736214239101526,6
2.2808780057750404,-0.39750831664439285,6
1.4953265870290275,-1.654507294606352,5
1.094930223391462,-1.4920744606100325,5
1.547746230879855,-1.6299309465263012,5
3.488471613853931,-0.8183313657638966,6
4.16074693076674,0.3849427670014445,6
-0.2769039471681408,0.11110599690905937,4
1.335944090921779,-0.1998526616208827,5
0.43801768705736943,0.8009875619618692,6
1.335944090921779,-0.1998526616208827,5
1.0301190658043788,-1.2113515856182555,6
1.5943664194825997,-0.44541947195831394,5
-1.1502280550633488,-0.671864983758572,6
2.813999212873211,0.9206969501933719,5
0.650312542791381,-0.8282470670094049,5
2.813999212873211,0.9206969501933719,5
0.5802554876410355,-0.784010761985711,5
0.559409675288955,-0.7736961659099844,5
0.11950760870234506,-1.4327703178040168,6
-1.3903275836538505,-0.8400519410091947,6
0.15702648606601788,-2.2712376188427212,6
0.9306610487934055,-1.4595332236520835,5
0.9306610487934055,-1.4595332236520835,5
-1.1936142038035946,-0.6270911393380797,7
-1.3409273945524285,-2.025526603064104,6
3.1745085533033977,-1.537540037039942,5
2.0612535808310306,0.3396509906477457,6
0.7570059543942084,0.6896561460483893,6
0.7570059543942084,0.6896561460483893,6
2.0612535808310306,0.3396509906477457,6
1.9438648774619764,-0.15457272508728598,5
1.9438648774619764,-0.15457272508728598,5
-0.46482123966545763,2.8639931743135345,5
-0.42827466106040624,2.9355807675932803,5
1.237406127022315,-1.6773626407463345,7
-0.29482271127318277,-0.5850605920848132,5
3.1624981862403745,2.1139875460840147,5
3.0988064203784007,2.1931160403658763,5
-0.602677074625532,-0.04163386860105551,6
-2.0143211175327282,-0.8445266112183363,6
-0.7429782962475365,-0.4597997598789402,5
0.6483981432968834,0.6395590017469422,5
-1.261062415923938,-2.065404171879206,7
-0.13785366293110893,2.10134253883661,6
0.872468996868773,-0.5458948039856906,6
-2.437850082317504,-0.3418633091028105,7
-0.4331509905784441,-0.2651686359373815,5
1.6504794037070987,0.4808627525392808,6
-2.437850082317504,-0.3418633091028105,7
1.8052687571676627,-1.1291836851114672,6
1.2290483492197852,-0.7364271817202579,6
-1.030807101567031,-0.21401984462565388,5
0.9910363673894718,-0.48234812639153435,6
1.4816249650655475,-1.0432174181993068,6
1.8052687571676627,-1.1291836851114672,6
1.5688355883028546,-1.4411739032163795,5
1.8579393945044307,0.14556158297818397,6
1.6583713851335733,0.6136287157424396,5
-1.566998417581655,1.6697757827430724,6
-1.566998417581655,1.6697757827430724,6
2.7454953674828606,-0.9108089368529398,6
0.26783685731055784,0.45425311982723754,6
1.1847735357697615,-1.4010828245710467,5
2.7454953674828606,-0.9108089368529398,6
1.421933974048331,0.5117538299620578,4
1.421933974048331,0.5117538299620578,4
-0.528270080824836,-0.9084401792978152,5
0.03893325540162868,2.0891583270112273,5
2.4532884124235848,-0.2199113620175113,5
2.4532884124235848,-0.2199113620175113,5
-0.12802093960443126,-0.7525375895075898,6
2.4532884124235848,-0.2199113620175113,5
0.9940957963597599,-0.4092062310233766,5
-0.01758774629472035,1.865170750050806,4
-0.01758774629472035,1.865170750050806,4
1.311192817613465,0.4628960430287271,6
2.745617641199266,-0.18637514068018,6
1.717582120709369,-1.209940216649791,6
-1.3710147880468972,-0.4820435324831016,7
1.4363752217071555,-1.2662328060299968,6
1.7858454700790063,1.6320190158605477,5
1.5947983508650136,-0.941818156462648,6
2.768519007009751,-1.2832570166910322,6
-2.1038243219090864,-0.6127157984023416,6
-0.7990604516957557,0.7990273907156648,5
-1.452833534038212,-0.7394722484030739,7
-2.8976526768263495,1.7150488770937027,7
0.18230326144351855,-0.7360819417929707,6
2.5221386924941864,-0.8649163482558732,6
-2.8976526768263495,1.7150488770937027,7
2.299322817069754,-1.0041014697324804,5
2.1466652155457218,-0.009164246419539168,5
-1.617009502465483,-1.04092193320884,7
1.201582724170153,0.3240311402030818,8
-0.039409913219937406,0.8806100918707429,5
2.1466652155457218,-0.009164246419539168,5
1.201582724170153,0.3240311402030818,8
-1.617009502465483,-1.04092193320884,7
-0.8674253103650345,0.34050831847504826,6
-0.9777429086356147,-0.6158682658984842,6
1.3808947265328666,-1.0103655766469584,5
-0.7306073848572867,-2.794764094186181,6
0.44408533697428826,0.10229391080918793,4
0.44408533697428826,0.10229391080918793,4
0.6466868251758039,-0.5402833466185746,5
-1.574985802835797,0.5614927062011337,7
0.46941741557632133,2.01832413535339,6
1.323062360837848,0.26503030685721035,6
0.08594166586959934,-1.447540721246311,6
0.08594166586959934,-1.447540721246311,6
-1.7241760961322032,-1.3565398349797009,5
1.6121636874466792,1.5475815901954586,5
0.46941741557632133,2.01832413535339,6
1.0440503307815379,1.78221304674286,5
1.323062360837848,0.26503030685721035,6
-1.2945401583537874,0.000800813116361708,6
-1.2781045559469038,-0.08960911353725642,6
0.993643517674606,-0.7810926204710278,5
-0.1728492206039984,-0.9281370719818157,5
1.804575763686028,-1.150761162706067,6
3.4664047607506756,0.3861853370081907,5
-0.1728492206039984,-0.9281370719818157,5
1.804575763686028,-1.150761162706067,6
0.7654946915114902,1.40742531637994,5
-0.6017408925354737,-0.7718690399561775,7
-0.43884528101509224,-0.8049705021988885,7
-0.6017408925354737,-0.7718690399561775,7
3.0221479124829127,1.4875438143441102,5
-0.43884528101509224,-0.8049705021988885,7
-0.6017408925354737,-0.7718690399561775,7
-0.09616583080715616,0.5126014142392734,5
-1.975947429317957,1.0704087106473616,6
1.0863152838623373,0.17396477332498142,5
-1.975947429317957,1.0704087106473616,6
-0.09616583080715616,0.5126014142392734,5
-0.9213834860094456,0.2660718851773132,6
3.471776075238786,-0.9910942812761964,5
-2.931812626451041,0.709205384944755,7
-1.501958927850093,-0.8338164420261778,5
1.748947204377013,-0.704399244370802,6
-0.003975770647265573,-0.9908549877259585,6
-1.501958927850093,-0.8338164420261778,5
-2.630225398837093,0.7152926767127382,6
-2.015861036478086,-0.06183525485429503,5
0.4904155448882375,-0.41808200150438835,5
0.03535539456484428,-0.9976789134335057,5
2.6916594720152025,-0.29970749359055204,6
2.495016913699049,-1.2575052239999824,5
1.8304214348419496,-0.9057311177453244,5
-2.864017771410761,-1.7830776073874606,7
1.2039437416385745,0.8680001100973098,6
2.566789620909235,0.050073720432782104,5
2.069177013677733,0.6148752422181296,7
2.069177013677733,0.6148752422181296,7
2.069177013677733,0.6148752422181296,7
2.069177013677733,0.6148752422181296,7
2.069177013677733,0.6148752422181296,7
2.069177013677733,0.6148752422181296,7
-1.7570883601822422,-0.7927318978747979,6
2.069177013677733,0.6148752422181296,7
0.005447288108236057,-0.5484376368146543,4
1.1278514874653471,-0.6855198415574063,6
0.18612289303067317,-1.4501800295618956,7
-0.7308285591273045,0.0398262074087007,5
0.5992179193009219,-0.6702076967644347,5
-3.219396290585792,-2.9274376566250417,7
-0.4113184307892968,0.9665187251935794,5
0.6539922111557437,-0.1543960060837588,5
-1.6754527953187088,-0.8244903651555261,6
0.6539922111557437,-0.1543960060837588,5
2.842446804240286,-1.7037853283187523,6
-0.9477342329635796,-0.35709855473876967,7
2.4974945338645,-2.010441391138026,5
-1.6754527953187088,-0.8244903651555261,6
-1.6013702363351097,-0.8103141695271896,7
-1.6013702363351097,-0.8103141695271896,7
-3.7244371580357525,1.541315188990048,6
-0.7841461502694027,-0.6466233979235546,6
1.3256321985735395,1.1322136323157816,6
1.250841505743252,0.029629811442648268,6
-3.7244371580357525,1.541315188990048,6
2.000542642826541,-0.7565565283790305,5
1.988566198754735,-1.0688283400204304,5
-1.6013702363351097,-0.8103141695271896,7
1.2835625337135355,0.9980696138932932,5
-2.696564157901374,-0.44965109054104874,5
1.2844814019475759,-0.9566278870981376,7
1.2844814019475759,-0.9566278870981376,7
1.2844814019475759,-0.9566278870981376,7
-1.461012485598819,-0.5485413316799628,7
0.8377453369792061,0.18872369530675934,6
2.8401719067266216,-0.2063852962676948,5
1.2835625337135355,0.9980696138932932,5
-1.461012485598819,-0.5485413316799628,7
1.2844814019475759,-0.9566278870981376,7
-2.696564157901374,-0.44965109054104874,5
0.5885154544228588,-3.498605171834001,5
-0.7213853628233782,-0.3999550728907059,7
-1.020405915034564,-0.12154684627805099,7
1.128443869056798,-1.7765761705704415,6
-0.6355068384274499,-4.107133027809195,5
-1.9341317051711275,-0.7541236226528232,6
-2.2119406321818413,-0.1014865277194529,7
3.2818423732585074,-0.9884322627658463,5
1.8599832528710798,-0.22076694849281103,5
3.8583029339644566,2.275136037792233,5
-2.1731710044552845,1.6249288338294294,6
1.8599832528710798,-0.22076694849281103,5
3.8583029339644566,2.275136037792233,5
-1.727299586650121,0.35079481294874565,6
-1.2966218561143779,2.562671673833297,6
-1.9040539762028055,0.9261683599621497,6
1.452665885703438,-0.8492003970282167,5
0.04976059558893123,0.8171200838977283,5
0.18547974382011698,0.5454028392478455,5
2.088200749313998,-0.3327526792211224,6
-0.43089662793711775,-0.4808031563650037,7
-2.583603639757641,-2.160752394187391,7
-0.7518719250939582,-1.1524755179641768,5
1.2420542611579497,-0.8728474374166836,6
2.088200749313998,-0.3327526792211224,6
1.4108544984861564,0.15917671284562504,5
0.02063574014352582,-0.41466354949103224,5
-2.5437603887261893,1.3013765409536777,7
1.784008089627654,-0.5474364112036314,5
3.239941994756785,-2.992110275652701,5
1.113818966679892,-1.8424914010766216,5
1.1931135474085968,-1.4161489116401131,4
-0.8813221214846675,-0.851822070812445,7
1.9319240086800362,-1.2056541173931106,7
-2.7109523194402523,0.788814418646675,6
1.1002391096219906,0.07690706089910243,6
-0.5926730718227066,-0.5017473819152265,6
-0.9452798162046597,0.37496573640484626,6
-2.041260767749601,2.308616150239205,8
-1.9773802260555498,-0.517372006087832,7
0.9655771416960162,0.7790941978506745,5
-2.576446585289457,-1.410787973477719,7
-1.7277200903580354,0.014497317409100964,7
-1.235258554223197,1.5124108193773078,6
1.4526199331642728,-0.32602847342507013,5
-2.576446585289457,-1.410787973477719,7
-2.5989012116020977,-1.4572914045055152,7
1.4227324418101541,0.15418126320270348,7
-2.886329761362872,2.0812404314283004,6
-0.38205629798188795,0.9322411703999893,7
-0.3772383028431597,0.9580074600726147,7
-1.5375728639190887,1.050697784253695,6
-1.7752722918442911,-0.08775305209851893,6
-0.6662527095925839,0.280932959481795,5
0.5567034385098919,0.7299546813852806,6
-1.7922342262712374,1.5530077390254213,6
2.0972336588580114,0.38171727759235086,6
-0.79975193273116,1.0894451006650439,6
-0.6662527095925839,0.280932959481795,5
-1.5651143703437735,-0.8597612679590675,6
-1.6414138372621805,1.1525636426060613,7
-1.7922342262712374,1.5530077390254213,6
1.66999623930213,-0.7310154407997971,5
2.0972336588580114,0.38171727759235086,6
0.5567034385098919,0.7299546813852806,6
-0.2137493359414332,0.0012686364785151054,6
-0.6274465160875818,-0.10592984966384839,6
-0.6037095296338164,0.49542277782574334,6
-0.9658371885110828,-0.7519111692382228,6
-0.6274465160875818,-0.10592984966384839,6
-1.1999700234050237,-0.8021877647166339,6
3.0331142411770426,0.5646002793584067,6
-1.454106368466357,0.8121625096636054,5
-0.6037095296338164,0.49542277782574334,6
-0.2137493359414332,0.0012686364785151054,6
-2.1549028191341164,-0.1443413658522888,7
2.215291093457036,-0.45027957722440326,5
2.215291093457036,-0.45027957722440326,5
2.215291093457036,-0.45027957722440326,5
3.0191031496045326,-0.7331526372790965,6
2.9741285793204026,-0.5604282166867429,6
2.5393093667373052,-0.40717865725056634,6
2.215291093457036,-0.45027957722440326,5
1.7110206733166002,-0.5568439963488723,6
3.3847573023358066,-0.7987320836798985,5
3.3847573023358066,-0.7987320836798985,5
-1.2874946339902873,-3.0887860889316237,5
1.4723744106038203,-0.6173145137913667,5
1.7110206733166002,-0.5568439963488723,6
1.6773549272675832,-0.709716843177015,6
1.1666738986422822,0.05437354423424,6
3.3847573023358066,-0.7987320836798985,5
0.7854448688477723,-0.40551866936898284,6
-2.1923267228162633,-0.8903775924620303,6
0.19180546340877003,0.8348692468270204,6
-1.889941579610541,1.1417843691595817,7
2.8251372739805527,1.9008975315942973,5
-1.6074778896556763,0.2202699928372712,7
-0.9638764403907601,-0.7611488288460141,6
0.19180546340877003,0.8348692468270204,6
1.930484748845738,-0.5345613138765761,5
-1.4855382122189462,-1.5028741719389072,6
-1.1763590691327832,0.42622538871470017,6
2.6610640247948165,-1.6935952239128158,6
-2.2683647245067022,-0.45668036275406,7
1.8318297890037794,-0.8178334395922583,5
1.6457117931092435,0.8438271400942295,5
-0.34255815770642367,1.3589333839141604,5
-2.2683647245067022,-0.45668036275406,7
0.8083349268232278,-0.0440303514183603,6
2.6610640247948165,-1.6935952239128158,6
-1.1763590691327832,0.42622538871470017,6
0.2384010172849266,0.74183721503288,7
1.463617219821828,0.5814856195670075,5
-2.0995320248224805,0.6980492060273317,7
1.5168546045029858,-0.9196358631236183,6
1.463617219821828,0.5814856195670075,5
0.9408632329733735,-0.4690018582268562,6
-2.1208505403226474,1.4669866673291874,6
-2.1208505403226474,1.4669866673291874,6
-2.652287657302956,-0.29439657649305034,7
-0.6134673405031639,0.6650345421909615,6
1.5344937642427674,0.35260303581259017,6
-0.3083730574166054,-3.366125330820725,8
1.5344937642427674,0.35260303581259017,6
-0.3083730574166054,-3.366125330820725,8
-1.886579331977896,-0.06330793684815018,6
-1.7520688913502982,0.4915266670452042,6
-3.264259794013961,-0.6724798005373221,8
-3.260597526834348,0.9565684954946735,5
2.094421053151865,-2.3351042568855602,5
3.0389613462607046,0.4897952546651407,6
-0.84705383556791,-1.113144352826191,5
-0.6871167392662348,-1.0481696940276664,6
0.4658679441335358,0.5225904711970504,6
0.5086474035502504,0.49930091779268904,6
0.36645768624480085,-1.3594404979136623,5
-0.9303524127348857,0.6145414208322677,5
-2.1469418188030645,1.626201639972594,6
1.5362635040766384,0.6880691855266158,6
-0.8189178738672626,0.26269370053765645,6
-1.8990959431053223,1.2859962729496826,6
1.5362635040766384,0.6880691855266158,6
-2.1469418188030645,1.626201639972594,6
-0.9303524127348857,0.6145414208322677,5
3.0036490751138945,-0.9529337504062025,7
-1.1821836753963644,-3.2750890213116937,6
-2.3973693956340396,-0.7164514316593974,7
-1.8950215323981743,1.173888499359368,7
-0.2104418313681108,0.7509876680434957,8
-0.2104418313681108,0.7509876680434957,8
-0.13745596504098898,0.758539504612252,8
-1.3316333413927288,0.5261238293796431,6
-1.8950215323981743,1.173888499359368,7
-1.7256976911112654,0.5358532018509515,5
-2.7804364722502948,-0.4175332725822128,5
12.702855584751408,0.08733851278510034,6
1.0483091484768943,-0.8879276221225718,6
1.0946561367358358,-0.8888763821426057,6
1.0946561367358358,-0.8888763821426057,6
3.0132661940068806,-0.6502721271657365,5
-1.2117473261089484,2.443786522098532,6
3.0132661940068806,-0.6502721271657365,5
1.486025476539537,0.03860233875983103,5
1.5297521789244832,0.0961872845913411,5
1.0483091484768943,-0.8879276221225718,6
2.0302420271413384,-0.5576710312888197,5
1.6948915063130952,-0.39174136162538126,5
-2.7569041496375233,-0.3760550828657071,7
1.6112847391767706,0.9724089742355373,5
-1.3374271587503834,0.44905109485117123,8
-2.7569041496375233,-0.3760550828657071,7
1.6112847391767706,0.9724089742355373,5
-1.6654686904664817,0.24496301226895903,7
-1.88692080955357,-0.011080745301831722,7
2.0302420271413384,-0.5576710312888197,5
1.6948915063130952,-0.39174136162538126,5
-1.9103258208659686,-0.3031571190207598,6
-0.8901547405800491,-0.41544735151924034,8
-1.3374271587503834,0.44905109485117123,8
-1.1355207725500458,-0.2543835584531125,6
2.7077814039256056,1.8367815358117565,5
2.592581057520565,1.8300592156998132,5
1.6807503819823657,-0.26391068464167317,6
-1.8415308592897444,-2.1072610444242064,7
-1.870192754088812,1.8973500457599821,7
-1.028694818232289,0.3511444619811488,5
-1.1064816249765115,-0.49051849953060683,6
-1.8415308592897444,-2.1072610444242064,7
-3.4437541713456694,0.6789350863593016,7
-2.5092872363623147,0.3012917190606365,5
-0.9139992001430415,0.7919813000158669,5
-3.4437541713456694,0.6789350863593016,7
2.0112451060640884,0.5682437129172785,4
-1.376283373683618,-1.721960988986242,6
1.650419401253255,2.119345980220181,5
1.7601913690739244,-2.0187954554258503,5
0.09545905531999908,-0.39943744532678177,5
-2.2310952392878027,1.8824170900451003,6
1.4364654836023596,-0.11942346867366334,6
-0.3803669748461819,-0.8268543475418323,6
1.9042026306956223,-0.6888017347686842,6
-1.475328940448627,-1.0405703573384335,7
-1.475328940448627,-1.0405703573384335,7
1.202898440881062,0.3327651319514313,5
0.9185766853947739,-0.4933036419286337,5
1.3699813473444709,0.13875086065428657,5
-2.3512789509707117,0.45486760193894904,6
-1.4202559473382828,0.5647716714517984,7
-1.4976052576149588,-0.8242202364639382,6
-0.3803669748461819,-0.8268543475418323,6
1.9042026306956223,-0.6888017347686842,6
0.8024490151587769,0.023394123452959648,6
-2.032050252624491,0.8499611046372412,7
-2.338987416373222,-0.0541587432931718,7
-1.800433001665229,0.4429239521258518,6
-1.9582760463038664,-0.5055281420965162,6
-1.3160379558595245,0.07006242889606579,6
-1.342414116234258,-0.04228299971132339,6
-0.7132058396386113,1.680891724237589,5
-1.2761676696197342,0.29595162495193866,7
-2.032050252624491,0.8499611046372412,7
-2.5851377589251734,-1.4731309161332995,5
-0.6475194196630858,-1.0784182641270186,5
3.3574981429888187,0.7896744581904304,5
2.459551369595199,-0.05110922152235997,5
0.23272747564588178,1.3433528293236086,5
-1.0163531217542772,1.3959966140571467,5
-1.8706972922359268,-2.3834736479219822,6
-1.0384840316275452,0.22662693220193503,6
-0.7408671495912995,-0.5187503827566475,7
-2.171267240929024,-1.3581770117885417,7
-2.180176037823933,-0.42159729566592263,8
-0.7408671495912995,-0.5187503827566475,7
-0.9975300537445089,-0.700522305210159,6
0.025494014871973076,0.01948235365179604,6
-1.0384840316275452,0.22662693220193503,6
-3.3911645060514695,-1.9706783468957045,6
-2.906160048902248,0.6681319906314477,6
-1.8706972922359268,-2.3834736479219822,6
-1.5692372989335641,-0.9699930302749964,6
-2.171267240929024,-1.3581770117885417,7
-2.7032685783709365,0.21665732982048239,7
-1.7368174950151607,0.573330611663611,5
-2.18863030316213,0.216579184728341,6
-2.7032685783709365,0.21665732982048239,7
-2.0774514344377684,0.999879087861333,6
-1.2438082477432726,-5.340071056593548,7
-2.311117549660668,-1.5038447842225446,8
-1.4381112946302583,-2.593633665243868,7
-2.0774514344377684,0.999879087861333,6
1.1453775476538661,-0.5917311219080075,5
1.7815857677959626,0.6005554426050066,5
-2.474488062880434,-1.181565366654473,6
-2.8825166896951817,-0.19220490657652622,6
-0.6893964818064534,2.4385225417975405,5
-1.6865050558758907,1.2549128883113791,7
0.07391675390235483,0.19895608551395982,5
-2.8438669651619786,0.3657525152508854,7
-1.451114359503725,0.3233720858932884,7
-1.5167543158490409,0.641056600216158,6
-1.50397387953317,0.5868194105231068,5
-2.1672945159817956,-0.4773592061139113,5
-2.139989107225489,3.1767937265155695,4
-0.5989870860727465,2.5605704841220986,6
-1.5692088359754142,-1.4219421795492106,8
-0.10885833014668747,0.2139883682644212,6
3.2293048030869342,-1.1478265251000088,5
-0.6171701335506034,-2.524545249226567,7
-2.4574577631022736,0.6447190820331027,7
-0.24746745521657473,-2.2601064049261996,5
1.5247131360250452,-1.134676574017708,5
3.2293048030869342,-1.1478265251000088,5
-1.7003709749328109,2.6384998742617936,5
1.9766944242502595,-1.5757234667593432,5
-1.5129445198079048,-1.138534750505334,6
-2.1258083491108577,-0.46632661341877424,7
0.679325816896259,-1.573005856754706,5
-2.644155307400639,-1.010004937666415,6
-1.495208960293242,-0.9083868665780515,7
0.4610787662178688,0.5007078307583686,5
1.7350342671739534,-0.4768152434327238,5
-2.644155307400639,-1.010004937666415,6
-2.5536113368379794,-0.10646729377362558,6
-2.5454638032390253,-0.10324521730765972,6
0.8024050104514722,-1.5145133362115022,5
0.679325816896259,-1.573005856754706,5
-2.1258083491108577,-0.46632661341877424,7
1.0408408989163542,0.7567961240442416,5
-2.004392413957552,1.341711745131769,6
-2.004392413957552,1.341711745131769,6
-1.7238772198685564,-1.047421129609856,6
-2.616910747392687,0.7236304092406632,7
-2.7304759103042993,0.26770429553265307,6
-0.1502502971995989,-0.07917847863753337,5
0.09918468473720587,1.9465473194684688,4
0.11485180791071636,-1.6526619733538153,6
-1.75762770966072,0.542102707676497,8
-0.3040224090042398,0.3572349471085991,6
1.8063167024696702,0.22911423273958598,6
1.7565767052917205,-0.06733597379170954,5
-3.2351857571950338,-1.3275888496706627,8
-0.41780236258277464,1.0319238196209848,7
-0.41780236258277464,1.0319238196209848,7
1.8063167024696702,0.22911423273958598,6
-0.6542980950809046,-2.4541328281845165,8
-3.2351857571950338,-1.3275888496706627,8
1.791290226410561,-1.0841202830735333,6
-0.3040224090042398,0.3572349471085991,6
-2.31622219259637,-0.6119851477705901,5
-2.6006601728572987,2.177051262358733,4
-2.313201530935262,-0.7484030530819942,5
1.7565767052917205,-0.06733597379170954,5
0.4307726895680369,0.36497503019005,8
0.4307726895680369,0.36497503019005,8
0.0912142261789722,0.09777880904901382,6
-0.27121404888503,0.7046700502548482,5
1.5661196518032505,-0.039532467171409964,5
0.4307726895680369,0.36497503019005,8
0.0912142261789722,0.09777880904901382,6
-3.4411422674587673,-2.2153713561714623,8
-1.3953554100057743,-1.4830654008191906,6
-1.3953554100057743,-1.4830654008191906,6
1.6117315369733451,-0.23980860038516072,6
0.8899210617952286,0.5839248403576062,6
-0.9952023715409475,0.06872657054364907,5
-1.0176430954384483,-0.30496516437741644,5
-0.9633535187735487,0.1397809707290459,5
-0.9952023715409475,0.06872657054364907,5
-2.6043501588652394,-0.44571976041212824,7
-0.7783471988830186,0.5940460521387401,5
-1.60533366114917,2.800797871302164,6
-2.0725179096384854,0.4884917102275477,6
-1.0176430954384483,-0.30496516437741644,5
-2.4052064094688874,1.7921373676038321,7
0.974566950885859,0.9876412288800593,7
-0.4881199614146575,0.2886472979244232,6
1.7478269439029421,1.364423588119535,5
-1.92732260318689,0.8790046141409021,7
-1.3655166215169765,-3.38752360130277,5
-3.2115849286497022,-2.315622587106717,8
1.8643980471535901,0.3136365781897547,6
1.8643980471535901,0.3136365781897547,6
-0.869461738953376,2.011550320328674,5
-2.251363887549336,0.9246385894537478,6
-0.869461738953376,2.011550320328674,5
-1.020935686703028,1.0466438124391388,5
-0.644899595067698,-0.2305148684948023,6
1.8643980471535901,0.3136365781897547,6
0.915016083852799,1.01155053504544,6
0.08435262846693532,0.6335298316352681,6
-0.8328375155963487,0.5439520288601392,6
1.1318826889713978,0.14364532933628027,6
1.1318826889713978,0.14364532933628027,6
-1.1691255372207434,0.8448765366224479,7
-2.1407774552146868,0.4377533433658998,7
0.3033704261057726,2.1320462559374236,7
1.0970195073233637,-0.7666780841115829,6
-1.157790712408533,-0.5934489450089571,6
-2.4891017663155903,1.9347967253758223,6
-0.1501043242099433,0.4093933141000926,7
-0.1501043242099433,0.4093933141000926,7
-0.2920645214754764,0.49252084106350813,7
-1.190288153391904,0.8437962221266329,7
-0.32020086382483604,-1.299033859010389,6
-1.6726411232479006,-2.5320339882604435,7
-0.7970432569896312,-1.1343497116002235,7
0.19768140123708455,0.22061059649198692,7
-0.2920645214754764,0.49252084106350813,7
-0.2920645214754764,0.49252084106350813,7
-2.1739171923171674,0.7528824509799422,6
-2.2181482116228346,0.3453171147712733,8
-1.0073944269807167,0.43248030476454785,6
-3.2455513377620355,-0.011382343579665439,7
-0.2920645214754764,0.49252084106350813,7
-0.1501043242099433,0.4093933141000926,7
0.19768140123708455,0.22061059649198692,7
-0.7970432569896312,-1.1343497116002235,7
-1.190288153391904,0.8437962221266329,7
-1.758517721917053,0.14847046003419118,6
-1.5198962573277564,0.6436759112242734,6
-0.32020086382483604,-1.299033859010389,6
-1.6726411232479006,-2.5320339882604435,7
-2.0807419748139373,-2.041942190177214,7
4.042542718469389,0.12590684191748627,6
0.7155633856783017,-0.5212236148109307,5
-1.4813672625989989,0.23795219047981664,6
-2.1855103435690006,0.7644367578025404,6
0.6425484869232663,0.8630005564696758,6
0.5196785087150256,1.487956531347411,6
-1.0069830486243692,1.555916993042208,6
0.6425484869232663,0.8630005564696758,6
-1.3498804524857086,-0.4231416242783082,6
-1.0656097929692165,0.9448775042286257,8
-1.0069830486243692,1.555916993042208,6
-1.1691158219548228,3.142191213634989,6
-1.2805685631535324,0.06908484145654127,4
0.060464126061935436,1.120031699654568,5
0.5196785087150256,1.487956531347411,6
0.6425484869232663,0.8630005564696758,6
-1.0375171306617827,-4.209857818563385,7
-0.06541131257288703,2.4787797416076396,6
0.9759416389779292,0.21422914427790565,5
0.18958129232705132,0.6842277237552409,6
0.02362087899624668,0.45181783400772535,8
0.02362087899624668,0.45181783400772535,8
0.6811128052932482,-0.8260757052497449,6
-1.7162199232687907,0.2534886598471556,5
1.5980722080789098,-0.31555719081522365,6
1.2779281243770846,0.30888134532857675,6
-2.16307407439787,0.026616994486573772,7
0.1783539552996156,-1.224372586070178,5
2.7011332709845264,-1.2171196903506247,6
-1.3880118836660165,0.793014009223246,6
2.550559148770394,-0.9507193178559171,6
0.7384578961856652,-0.35947609393016866,5
2.6883695228224105,-1.310346090158219,6
2.7011332709845264,-1.2171196903506247,6
1.9023228923414686,3.183198681088538,6
0.7777932165181174,-0.21646886722636474,6
-0.932210157396561,-0.26160629671263796,6
-1.6324461802513313,0.5985226721519434,6
-0.7024670264562072,1.3713619031439437,5
-1.4994307158371385,0.7809550229042751,6
3.1037029476144036,0.606469014796987,5
2.5375130166013156,-4.657964784815943,4
3.1037029476144036,0.606469014796987,5
1.8249941363742168,0.06344584545586099,7
-0.06603912302480858,1.4047227479388333,5
-2.447279370085252,0.23483014504109237,6
-2.3197773797847763,0.32040243051435635,6
-3.862181072452515,1.6011702954570093,5
-1.5336901173567048,0.23128317334231463,5
1.8433941013540445,-0.948501907506504,5
-1.2676740328188953,3.3737487940934,6
1.1426048035814538,-0.8798294094087771,5
1.1426048035814538,-0.8798294094087771,5
-1.2957919468169052,0.7631596685441149,8
1.1426048035814538,-0.8798294094087771,5
3.6178103798405536,1.64710616756758,5
1.800902024838605,0.20841879520541154,6
3.6178103798405536,1.64710616756758,5
-0.8641450235041794,0.8411584739766034,4
-2.350233959485102,0.11168412928759765,6
-2.244053218280458,1.5578598583965522,8
-1.2957919468169052,0.7631596685441149,8
-1.3996214368933293,0.9181134636868458,7
0.9445993069431112,0.5573745931853755,6
-1.436034943747365,-0.06185697059515676,5
0.2502715101056582,-0.6619144288614772,5
-2.4506563784221678,0.8662510709521225,7
-0.10539245677481855,0.4388182083332683,5
1.8433941013540445,-0.948501907506504,5
-1.8907180975052802,1.7345532276158226,5
-1.6633544425431446,-0.7605549176691311,5
-1.2676740328188953,3.3737487940934,6
1.1426048035814538,-0.8798294094087771,5
-2.7296538414581324,-0.34927366515690045,6
-3.158642329618261,-0.6111896001075953,7
-1.7828485922250785,-0.23370847126977684,6
0.20718877174913225,2.611721486071454,6
-3.158642329618261,-0.6111896001075953,7
1.060664605271237,-0.6126683272668179,3
-3.0493466962123215,1.6378297986133272,6
-2.4615076022872793,1.0352551916061026,7
-1.7828485922250785,-0.23370847126977684,6
2.0383762330689312,-0.515070135973354,6
-0.5588269868328068,1.704912884862182,6
-1.3520671873942307,0.6648071952599369,7
-0.8369731361322795,4.8752621452631,6
-0.8369731361322795,4.8752621452631,6
-1.8767815729089201,0.34127009289320376,7
-1.3781060469515334,-0.010182616781929521,5
-1.2093525348700578,-1.9847330979645335,7
-1.95308795599877,1.1483287680315086,7
-0.12689631404374396,1.1569539983921746,7
-0.4418301021482349,1.2085214383631362,6
-0.6842048787308583,0.2493600659958297,6
-1.3520671873942307,0.6648071952599369,7
-0.9090504059574324,1.503206332561139,5
-0.48050462591606596,1.8767508460689295,6
-0.5588269868328068,1.704912884862182,6
0.0857055467364705,1.2569292524240818,6
1.8346603715890186,1.3123135504961916,5
0.5821305693465323,-1.1742854318045013,4
-1.8873512848456138,0.8418616453271262,6
-1.9664633418294755,0.23399593951688316,7
-0.5650429657347489,0.6656579701094232,5
1.9808958967885146,0.505550032232702,6
-1.2644888889084134,-0.3310287659756252,6
-1.2644888889084134,-0.3310287659756252,6
-1.597421028437356,0.08238537940025525,7
-1.9664633418294755,0.23399593951688316,7
-2.0536625849836927,-0.5483054156524394,7
-3.3127207997082286,1.4568685166383106,5
1.9377283228555016,-0.7856864001832614,6
-0.5650429657347489,0.6656579701094232,5
-3.182649845097902,-1.037163025502065,6
-2.7731916240822496,-1.3829211539507213,5
1.9808958967885146,0.505550032232702,6
1.0108123208182436,0.9128640868913086,5
0.15038699169556816,0.7532123196272966,7
-1.3058595951318868,1.0826230219423962,5
-2.6784457473254384,-3.4727503287047012,6
-1.9914310896182355,-0.16542306561097384,6
-1.8605743612297416,0.15910663314044948,6
3.450437415458956,-1.1543067856009364,5
-1.2644888889084134,-0.3310287659756252,6
-2.0799624037931315,0.18023052538791712,6
-0.902282104590278,-0.06907705472395484,6
2.9522616464942164,-1.1945240480573125,6
-2.0688671200645743,-2.063885233967134,5
-1.2133207943800364,-0.3274495008898156,6
-0.32656445267580425,0.9932335835131294,6
0.326681443341571,-0.29538129547125325,6
2.9522616464942164,-1.1945240480573125,6
-2.9404633389127386,0.511023439021602,7
-1.2165823553742021,1.5257980254382624,6
-2.087497807343762,-2.133512006122775,5
2.1811048574595384,-0.4646387619334294,6
2.1811048574595384,-0.4646387619334294,6
2.1811048574595384,-0.4646387619334294,6
0.8903590514823161,0.13108446039892233,6
2.1811048574595384,-0.4646387619334294,6
0.8903590514823161,0.13108446039892233,6
-2.997733736899076,-0.27930048622849735,6
2.1811048574595384,-0.4646387619334294,6
1.2501527729491835,2.7353595929886607,6
-2.5788259515684433,-0.41587685333147667,6
-1.9620057129603012,0.2086987363912903,6
-1.0324941692874512,0.0698250845630743,7
1.4048854207884414,1.1907075434130243,5
-1.0324941692874512,0.0698250845630743,7
-1.7807445558993882,0.7871757266600516,7
-0.21858325747193624,-0.45107997179019876,6
-3.380138116657803,1.0455815191169768,6
1.4048854207884414,1.1907075434130243,5
-1.0324941692874512,0.0698250845630743,7
-1.7807445558993882,0.7871757266600516,7
-0.4813217846861631,0.8394530080631216,6
-1.848631864812701,-0.12226884477684959,6
-1.7025123271191442,-1.18837846421843,6
-1.5239650411764791,-0.5015550238713135,7
-2.607256414955728,1.1147451856795034,6
-0.4268978548448485,-0.38456050102170874,6
-0.1288379430499152,1.2313493463103036,6
-1.851632350057353,2.284503261419608,6
-1.2110982095394487,1.3340179637521712,8
-1.13676335924753,1.050952700598148,8
-0.9449844186623753,1.1913747540248145,8
1.4130743601240734,1.3405004490061243,6
-1.851632350057353,2.284503261419608,6
-0.24218471248409257,-1.7581240334950397,5
-0.12820916440505614,1.4847565733386459,6
-0.692972634641155,2.643702025285353,4
-2.7321255333473586,0.3721360043750192,6
-0.5040875105654509,2.5625178308168817,6
-1.3052540178749643,-0.7910127744561644,5
-2.7321255333473586,0.3721360043750192,6
-2.4272751854319483,0.6127570017924686,7
-0.38700924070989157,-0.0773607337605402,6
-0.8610869133003142,3.2020818304203016,4
-2.3069737517672038,0.11902181766599054,7
-0.13309954995560302,0.5052849676094945,8
-0.5965659563462627,0.08587389018331852,5
-2.6972892592658573,-1.2741922036693976,7
-0.5482940885644508,1.3289233384622432,6
-0.5040875105654509,2.5625178308168817,6
-1.3052540178749643,-0.7910127744561644,5
-2.4789968410494,-0.24887632272247345,5
-0.41031531257683834,0.5955535412041184,6
-0.12600667214264386,1.135466127917114,7
-0.7940697456405303,2.0374996812123767,6
-0.12600667214264386,1.135466127917114,7
-0.9882883669840216,0.19922603880660994,7
-1.7130795571453932,-0.7188465202877555,7
-0.7940697456405303,2.0374996812123767,6
-2.9207077500228538,-0.5041960348065845,7
-0.12600667214264386,1.135466127917114,7
1.1858365984425752,-0.7041230515126939,5
-1.3274111788475231,0.5055963898860968,7
-1.878353164825307,0.04500633298243116,7
-0.8717447604908205,0.16560790880817663,6
-0.5845488352173701,-1.9780023193340848,5
1.5421881700821805,-0.14585638575920656,5
-0.09237682401783547,-0.6388744915066623,5
0.9236193441053184,1.7657307522854961,6
-2.0911749529605674,0.0025018532914009035,5
0.656271500056888,1.0833524593032622,6
-3.376627592855717,-1.3839959762365295,6
-1.8190590089313086,0.7443381896044514,6
-0.7859516465108132,1.5646951111017648,5
-0.09237682401783547,-0.6388744915066623,5
-0.17098826051249089,0.9826482141371484,4
-2.6366326678295033,-0.638998632105526,7
-1.3467298125405978,3.5819822083332786,5
-1.4418819141274015,1.0457312019984046,6
-1.7099572452830054,0.3093148036701412,6
0.9236193441053184,1.7657307522854961,6
-0.8371421681620341,-0.9990491565888672,6
-2.62796994830427,0.8811774830558866,7
-0.7899148045076646,-1.442940458361453,6
1.8340078798003598,-0.31482217079560587,6
1.9547711712203442,-0.30160373228581305,6
-1.5134943833900045,-1.939800529478446,7
1.724941496288574,1.116815883698952,6
-0.8254858809273136,0.6069982881197465,6
-1.2272906950799745,1.1949636326377033,5
-1.1225298769363645,0.3143268680598795,6
-0.596547420184178,-0.16450450453893561,6
-0.8371421681620341,-0.9990491565888672,6
-1.064792655591149,0.7299069625503966,6
-0.5855722649073318,-0.20224247140184456,7
-0.1431483065781408,1.1074155464448787,5
-2.2483174960909778,0.4310403422746389,7
-1.597810307823151,0.24136386145488367,6
-2.751165461787206,0.39802740398317676,7
-1.5571631808126343,-0.4860845537447562,6
-2.2483174960909778,0.4310403422746389,7
-2.4095475452331456,1.1574878577155525,7
-0.1431483065781408,1.1074155464448787,5
-0.7842082020361731,0.3900130515982369,6
-0.5574662634437091,1.6745869074474822,6
-0.6502931898585488,-0.11810817164042828,7
-0.5855722649073318,-0.20224247140184456,7
-0.4481036394353454,0.4824198193256832,6
1.9546990456206816,-0.36842467972486964,6
-1.8255267579002536,1.4133159485788434,8
-2.3852933239535035,-1.5345136951290332,8
0.10693403587501768,0.2530394741170217,5
2.660307964238594,0.2371938719681153,6
2.660307964238594,0.2371938719681153,6
2.660307964238594,0.2371938719681153,6
2.660307964238594,0.2371938719681153,6
2.660307964238594,0.2371938719681153,6
2.660307964238594,0.2371938719681153,6
-2.9893173987537356,0.09603816173163772,5
3.1912513660814086,0.5176096984334408,7
-2.2784693575643593,-0.36175349941772794,8
0.6155893863492502,-2.809788395410862,6
1.0726123623382657,-3.5834068205947744,3
-0.34528699439681726,1.5212782728876353,6
-0.787891794303541,-1.1331113880696309,6
-1.7944834024940772,0.2189438526772866,6
2.1444893813086177,-1.348566919737733,5
-1.2837836605841897,0.558764116876477,5
-1.670809723043085,-0.35817650342868224,7
-1.324755310970353,1.0034068325952137,7
-1.7861070671894106,-0.8323940415069789,7
-1.346399158282787,-1.7726633920109425,5
-1.3694457562537345,-0.7485456557074949,4
-1.145660908138542,-0.330244383409145,8
-1.6789062030847515,-0.20197215300235966,7
2.1444893813086177,-1.348566919737733,5
-1.0294008074089451,1.1806816402992597,6
-1.2837836605841897,0.558764116876477,5
-2.2790706241062297,0.2105198749218961,6
-0.38917799599094854,0.09227113962393313,7
1.7587229478936626,0.24286525735621547,6
-1.1743246131438283,2.3106407024747573,6
-0.8594397930653889,0.11325327918817014,7
-0.8496941740217361,0.15591915191415381,7
-0.8594397930653889,0.11325327918817014,7
1.7587229478936626,0.24286525735621547,6
1.8832565467270084,-0.5203582171524682,5
-2.0032407774104715,2.212710042159982,5
-3.19953082150047,0.3018542520392724,8
1.7460028890989083,-0.5173735121757391,5
-2.086821182102913,1.4550978989863796,7
-1.053180716203498,-0.2844364362330732,6
1.7460028890989083,-0.5173735121757391,5
1.8832565467270084,-0.5203582171524682,5
1.7672695864202146,-0.2356973918660308,5
-1.8403111204491134,-0.7223833875692776,6
-1.3583945941287519,1.2285396395215247,7
-2.0032407774104715,2.212710042159982,5
-3.19953082150047,0.3018542520392724,8
-1.8830384954597692,0.7246117202133322,6
-2.620288845550579,-0.06108253997938574,7
-2.329678980412147,-1.0085962300771114,7
-2.730199879417693,0.3631264105949159,7
-2.329678980412147,-1.0085962300771114,7
2.7631938913820964,1.0827957368023302,3
0.056273359105857214,-0.08943950634207429,6
-1.8059528208541673,0.12998442479631714,7
-2.1509130953451066,-0.4822988716738681,7
-0.8454026078526947,-2.8132676053458194,7
-2.786520243851739,-0.35577818225410374,7
-2.594422236682561,1.7838614872206784,7
3.135369042127752,-1.560387933991347,6
-3.227872852727936,0.5239540073592104,7
-2.476477638622809,-0.07916148759971167,6
-1.0214474263690498,-0.8297029932720605,6
-2.268098064467513,-0.16526832615085563,7
-1.113985017256446,-2.8031462278053727,5
1.3714342303233529,1.0794604789174966,5
-2.971456652501686,-0.2531705645890004,6
-2.7626532738979424,-1.720875467374574,7
-2.175044795011621,0.9270780514414841,6
-1.7770291517892918,0.6072166242246141,6
-1.6292846176640543,0.3214385346203842,7
0.08757279108113708,-0.6746670307205695,5
-2.2151996684846393,-1.0936257841943167,7
-2.1894830901193933,-0.2856751954525869,5
-1.2129921873958742,0.7418945228640229,6
1.0045273576515694,-0.24957129029553762,6
0.7559020851791484,-0.019191679598352603,6
-1.2378721634566294,-0.28094896930708013,7
-0.18277871244682764,-1.7479107015594304,6
-2.0795043981881145,0.7348284108602599,6
2.5884824830314077,-0.26167804137167006,6
2.5884824830314077,-0.26167804137167006,6
2.5884824830314077,-0.26167804137167006,6
-0.41617831342507655,1.4050803615390146,6
-0.17838023670370695,1.2637751695440675,6
-2.5062568432608807,-0.7073520359729306,6
-0.17838023670370695,1.2637751695440675,6
-0.7676361617913702,0.13454318327621992,5
2.5460630459529026,-0.2626589000744852,7
2.5884824830314077,-0.26167804137167006,6
1.4877301228525754,-0.8473071870563313,6
1.4758435746178833,-0.842938993493612,6
0.13901542683522436,-0.6090903128603027,6
-0.41617831342507655,1.4050803615390146,6
0.042280667666916294,-0.7021691622075019,6
0.0037986711107757592,0.3045258710482651,6
-2.777796203593128,-0.4735771867333084,6
-1.6821486311088414,1.2610258891667039,6
-1.2954182413258168,0.7955287675181232,6
-0.4444162880095894,-1.237619389265033,7
-1.6565732418256127,-1.13761956605797,6
0.9227284877320637,-0.23866158743767693,6
-0.7495211470532143,0.05140390098158146,7
-1.6821486311088414,1.2610258891667039,6
-1.2954182413258168,0.7955287675181232,6
-2.084978488238266,1.931968675528206,7
0.042280667666916294,-0.7021691622075019,6
0.0037986711107757592,0.3045258710482651,6
-2.777796203593128,-0.4735771867333084,6
-2.57490275103899,0.03920903439499596,6
-1.9880819332393287,1.7219465635194002,7
-2.5023221926949892,0.4489481999744056,6
-3.055979077577403,0.01660295920752266,6
-0.21805747120437716,-0.41036267423588463,6
-0.3053179835871106,0.5899607734963489,7
-3.055979077577403,0.01660295920752266,6
-2.5023221926949892,0.4489481999744056,6
-0.5887414125549959,-2.3765796289133108,6
-2.193689897873724,0.6376074598420938,7
-0.25864463480943833,-1.7550185399575364,5
0.8859012778584235,0.1315244320636129,6
-0.21805747120437716,-0.41036267423588463,6
-0.17363995854839728,-0.11280011746238079,6
-1.4563500867660801,-0.7655944174296364,8
3.792001891287468,0.3119475852302853,5
-1.772217219933561,-0.3034632394491584,7
0.0733808576529749,0.37348905278398975,7
-1.772217219933561,-0.3034632394491584,7
-0.3325007631688191,-1.5106035716300579,6
0.5250394837844591,-0.8335181942290018,6
-1.7677142968884578,0.30762995712390334,6
-1.4563500867660801,-0.7655944174296364,8
3.792001891287468,0.3119475852302853,5
-1.486214350269672,2.820487411483914,6
-1.661459805345519,0.6690521128096093,7
-1.2907292989164276,1.0891695660174576,6
-1.234138584299015,1.0733333997396228,8
-1.3009953906721377,0.9908056922764796,6
-0.8411005571261466,2.0151557428750557,6
1.784451584372085,-0.6417017468352609,5
1.726653635410134,-0.4889005010671121,5
0.5780926026499955,0.45636167206201445,6
0.26414463437886154,-0.8782989014100481,6
1.4301196576117425,-2.257651646824771,5
-1.3248904126035004,-0.7055635386044448,6
-0.5127887178592065,0.5647569640530581,6
-0.4855168909442576,2.4428680108187515,5
-0.5127887178592065,0.5647569640530581,6
-0.4529360635280745,2.3069028357033323,5
-2.480478442097153,-0.2468506564222736,6
-1.6444593559281075,-0.25868831077664983,6
-1.3248904126035004,-0.7055635386044448,6
1.4301196576117425,-2.257651646824771,5
1.8378862060272534,-0.48860309876273933,6
-1.7615071849433361,-0.5876877924296602,3
-0.08804686017677715,1.7090282264491614,7
-0.2506671033906359,-0.6030119255824747,6
1.2394172307935205,-0.36561976019675313,6
3.1902811083410767,0.4275560643456954,6
-0.08804686017677715,1.7090282264491614,7
-1.9357334989386137,-1.6122933417608623,7
1.8786444201525918,0.2295660534909545,6
-3.15142015480615,0.2381976325802195,4
1.8786444201525918,0.2295660534909545,6
-1.9357334989386137,-1.6122933417608623,7
3.797142184936206,1.7056787275131677,5
-2.280644600952831,-0.3497114877648028,8
-2.652501461446478,0.39711960543765545,8
2.6397035515523792,-1.190649400684154,5
-2.0446574416079226,-1.1622146089362222,6
2.603951309903512,-1.1030686135281713,6
2.603951309903512,-1.1030686135281713,6
0.26289913243648316,-2.089099454331673,6
-2.0446574416079226,-1.1622146089362222,6
2.6397035515523792,-1.190649400684154,5
2.603951309903512,-1.1030686135281713,6
2.633268396526679,-1.0957874443985598,6
-1.1447713875481025,0.663820821067231,5
-2.9728023803961885,0.18722314981644952,7
-1.330497515368704,2.512823079745267,6
-2.946593314281494,0.2350183545922321,6
-1.1407854310109025,-0.08451987311874652,6
0.3124245857057015,-0.23930669413359779,5
4.1020613502901435,-0.6616401441908419,5
0.3124245857057015,-0.23930669413359779,5
-1.9076901203069567,0.0019543741270696313,5
-1.4286068691895386,0.24311767501682974,5
-2.2804074301845034,0.45178825971047215,7
-2.0656137424943872,-0.5142564842021481,6
4.123128163135117,-0.6620713987454028,5
-0.7501409264097436,-0.8875279467135337,8
1.0770408916583551,0.2128888638587613,6
0.321088246679212,0.07444681759002493,6
-2.0517669659567437,-0.4557302962350219,7
-0.7501409264097436,-0.8875279467135337,8
-1.1777118382814535,0.9267796866732274,7
-1.1777118382814535,0.9267796866732274,7
0.5873836864593129,1.0486071495836635,5
-1.488170721481271,-0.7315181031738006,6
-2.9562502837619995,-1.6574015806264546,5
-2.4602157101949635,1.8607964010783293,6
-0.5161850813504736,-1.398860208099725,5
-1.1922507638889819,-1.5496895854677886,7
-3.3635051616582285,-1.858633285383702,7
2.559656815054334,0.8905932912511132,6
0.6373151696341139,0.9603183297647498,6
0.8171965019086317,-1.2034183481927259,8
-2.244814044014422,0.10639516722484928,6
-2.667446874564826,-0.4285456525888845,7
1.4476094008914095,-0.03874456796130398,5
-2.2364909984638457,0.023813097095974557,6
-2.244814044014422,0.10639516722484928,6
2.6178317899931716,-0.5374578292596721,5
-3.1266989555447195,0.582679861361428,8
2.559656815054334,0.8905932912511132,6
0.8171965019086317,-1.2034183481927259,8
0.6373151696341139,0.9603183297647498,6
-0.9070258147335805,-0.35437702648891395,6
-2.137758619781864,-0.42363583445181957,8
0.30758066029481435,-0.4407363751724322,6
1.401330208056876,-0.8361843905595855,6
-2.9645183548001044,0.9148919284616971,8
-1.091387775868566,0.7808314365497985,7
1.401330208056876,-0.8361843905595855,6
-2.5617753690200056,-0.7581916443761051,7
-2.137758619781864,-0.42363583445181957,8
-1.1148300495623886,-0.9594549527759795,5
-3.00074256764953,-0.41935896721099813,8
-2.5323952912973513,0.8688963007795342,7
-2.9645183548001044,0.9148919284616971,8
0.06078342805517434,0.7668371990030263,7
-2.2055433055468012,1.2783035686549136,6
0.30758066029481435,-0.4407363751724322,6
-2.0506737515500064,1.5224058739048327,6
-1.5177585048200002,1.2695836874758515,8
-1.091387775868566,0.7808314365497985,7
-1.114437654583133,2.2381307239163206,6
-0.5752529728422565,-0.5379463916688874,7
-0.5752529728422565,-0.5379463916688874,7
-0.03108423011946082,-0.6788737297446242,6
-1.9264860812647762,0.11677219292515771,7
-0.8893908369126621,-1.642577932067458,7
2.2994629000111155,1.7442095424466457,6
-1.0080638999169287,-0.7779582573760107,6
-2.669379820046915,-0.6831452931956162,7
-0.5752529728422565,-0.5379463916688874,7
-0.03108423011946082,-0.6788737297446242,6
2.5417096429394888,0.030794981034978318,5
-2.72433628511778,0.5858621786405088,7
-1.7293777852096155,-0.8334073515723504,7
-1.762989738517419,-1.403505506608492,7
-0.48086194353816114,-0.38820574214138864,6
-2.5543356193908355,0.30322189189494286,7
2.5417096429394888,0.030794981034978318,5
1.7146115621564693,-1.3812829820761225,6
1.618464430049311,-0.32742238206467256,6
-2.2815975354575766,0.19169144574920935,7
-1.6744057804067949,-1.7126787893329276,6
-1.444656427968522,2.2868013823270505,6
-1.6015890960228072,1.8431189949682363,6
-2.522154967054912,0.7433549741887162,7
-1.3539961712461042,-0.6147271744233154,7
-2.9460082181035254,0.5147746240190778,7
-1.0842063449440777,0.8746253777782437,5
-1.0306926264973733,0.7143143723963218,7
2.572421947486058,-1.7580680785366143,5
-0.8322492780776728,-1.884601340738508,7
1.4658383126987595,-0.5688041053195328,5
2.572421947486058,-1.7580680785366143,5
-1.4657600345940265,-1.8466392038289594,6
-1.4657600345940265,-1.8466392038289594,6
-1.864079019670443,2.4642101537966985,6
1.5821603150727022,0.4731734877348705,6
-1.8174480283329029,0.8539755489170455,4
-2.3512346131875814,0.12352026778400715,7
1.3031406662325724,-0.044381926723953524,5
1.4633810726345107,-0.3571877766199161,5
-1.1636966811488543,1.0496158219821798,6
1.3188032875859945,-0.08116458088826183,6
1.3031406662325724,-0.044381926723953524,5
1.4633810726345107,-0.3571877766199161,5
-1.6006387816922254,1.015735939393458,6
-0.06033998648720053,0.09326260734983728,5
-1.3966657019078539,-0.5285456478340572,7
-2.826674179714639,1.650686644155342,6
-2.420675476940194,1.8981115571347005,6
-0.7922686906043831,1.0919209031160857,6
1.082932553005933,-0.3864596619856522,6
-1.1176766845055541,-2.268396343901506,6
-1.1176766845055541,-2.268396343901506,6
4.2274066106099735,-0.635204253903232,6
1.082932553005933,-0.3864596619856522,6
4.2611135111619305,-0.6358942611905293,6
-1.474159048479612,-0.792151836292504,6
-1.1176766845055541,-2.268396343901506,6
-0.5642234360876619,0.3903919028945555,6
1.5507008745250552,-1.251796676091028,6
1.5507008745250552,-1.251796676091028,6
1.5507008745250552,-1.251796676091028,6
-1.381190979908511,2.124290218028005,6
-0.4777169350302834,-0.6979980907742978,6
-2.013645986564744,-3.04272834676413,7
-1.381190979908511,2.124290218028005,6
1.5507008745250552,-1.251796676091028,6
-2.7553768428359335,2.247194032881329,4
-2.619345157031661,0.22926424064698678,6
-0.2976153982957393,1.3952194259291293,5
-1.162775762079298,1.2972853357817853,6
-0.2976153982957393,1.3952194259291293,5
-2.619345157031661,0.22926424064698678,6
-0.6679739821773143,2.308630099127973,6
-2.2170416938755633,1.8918311266389172,6
-2.0921973739516275,0.944737594170769,6
-1.4993971902811345,1.114703184720837,7
-0.6679739821773143,2.308630099127973,6
-2.0921973739516275,0.944737594170769,6
-2.429583024627725,-1.278737921181172,4
-2.2170416938755633,1.8918311266389172,6
-2.0557775407379975,1.5993161594017102,6
-0.6506587746688894,0.8379224721528485,6
-1.710038097112353,0.31278573263301634,7
1.5684826648292522,0.3599194921207041,5
-1.0977876468908168,0.5998663505790753,7
-2.0882899680523628,0.8019426853483081,4
-1.484034951801236,2.1628654715910574,7
-0.5052587453347301,1.4142258434519697,5
-1.745069666257067,0.5535437465253122,7
-3.065675205283497,0.001029602869169426,6
-1.256787371139406,0.7173027166787829,6
-1.484034951801236,2.1628654715910574,7
-1.9066753691730227,0.6383343837386807,7
-0.5497626850729633,-1.8003785900775313,7
2.1512643762372687,2.6880301127423847,6
2.1512643762372687,2.6880301127423847,6
2.1512643762372687,2.6880301127423847,6
-1.9276973194266915,-0.21883937754737284,7
-0.6344820371242664,-0.7596306765104258,5
-0.6304906335105587,-1.968091603538871,7
-0.5870240596313389,-1.9396321343888137,7
-0.3162666907390081,0.48400393469477965,7
-1.9559850955916602,0.679743510020723,7
-1.7337105078300992,0.2818548802373393,7
0.6324387544558322,-0.3368248938180625,6
-1.6054206829437785,-3.266753610037361,7
2.430252383545914,-1.4707160218769217,6
0.5653862218497785,0.4859068745582971,6
-0.944513456899231,-1.209275380759852,7
-0.1648378454665268,-1.1521113660958135,6
-1.3695060581428176,-0.04952836883069393,7
-2.77591003214833,1.823607937893046,6
1.6192665243473627,0.6847911893526218,5
1.0296141076522887,-0.7641226574721692,5
-1.8685231750601823,-0.41740529622535555,6
1.8976453766806873,1.0711658141564373,6
1.8976453766806873,1.0711658141564373,6
1.6192665243473627,0.6847911893526218,5
-1.8685231750601823,-0.41740529622535555,6
-1.3442449147051891,-0.6160271577854768,6
1.8976453766806873,1.0711658141564373,6
1.0296141076522887,-0.7641226574721692,5
-2.741074937199735,2.031708309961756,6
3.1945903665479016,1.1173405505532144,5
-1.8972005268334877,0.4042528550878484,5
1.3571855525468426,0.20728120391256696,7
2.7223494326501596,0.5288170889871452,6
1.0935963731959328,-2.0127751632781306,7
1.3571855525468426,0.20728120391256696,7
-2.741074937199735,2.031708309961756,6
2.7223494326501596,0.5288170889871452,6
-2.6344009537300495,0.7738898796164174,7
3.1945903665479016,1.1173405505532144,5
-1.8972005268334877,0.4042528550878484,5
1.6552205839727203,-1.524410527975313,5
1.540670642165536,-1.4492504668316961,6
1.5693006082933234,-1.4559050551568,6
-0.5994563833275834,0.6085249590896759,6
-0.5994563833275834,0.6085249590896759,6
2.4806458271244303,0.30116688580246204,6
-0.5994563833275834,0.6085249590896759,6
0.5236483002694505,0.4780381561368652,7
-3.315018611196662,-1.674704398927678,6
-2.544830667722563,0.017238867064836582,7
-0.4413362883432502,1.8379356566213327,7
-2.6012051330997354,-0.5288102040824908,7
-0.8658680093795686,0.549738744893838,6
-0.38769628243602555,0.07449942577213509,6
0.5851188382459036,-1.4735836052429914,6
0.5851188382459036,-1.4735836052429914,6
-0.38769628243602555,0.07449942577213509,6
-1.5129136495929827,-0.2678835233512139,7
-0.8369175200349102,-0.7901824137103908,6
-2.404130943700122,1.529763807853534,7
-2.259713925869974,0.5808439918402114,7
-0.5039086943521914,1.504114142209773,5
-1.8722046938930534,0.11590563988122135,6
-0.5855171031396906,2.2672636727073194,4
3.102622196243324,-1.2712866196289083,6
-1.0110532289847054,-0.18075779422280316,6
3.102622196243324,-1.2712866196289083,6
-0.5693984221041274,-0.34816311378320625,6
-2.035464552150537,0.6246456922650071,7
-0.36932720894933185,0.09609182104735466,7
0.5744456179980301,0.3622031466863226,8
-0.6386157226771562,-1.3860910920785108,7
-2.8778492847590122,-1.589260558430476,8
-2.213249068957982,-0.9269192381401488,8
-0.5931875638793107,-1.0029016955196763,6
-2.1424772770367335,-1.3924961312633728,4
-1.5685603733657179,-0.670132184604127,6
-1.4776582063832702,-1.0723923426284272,8
-2.8778492847590122,-1.589260558430476,8
1.235144586207994,-0.23606071519796532,7
-2.213249068957982,-0.9269192381401488,8
-1.2403768825560875,1.152031182846234,5
-2.779422302273237,-1.5368637706611317,7
1.6056360728803956,-1.315228718451122,6
-2.150249688331389,1.1899245955090483,7
-2.8839829527575547,1.8814985185104232,8
-3.891341540115197,-0.8732391473782474,7
-0.7060545606600207,-0.9334947335759363,5
-0.7107632556234897,-1.6552808105338244,6
-3.9099722273943853,-0.9428659195338888,7
-0.3978286071508311,0.2965597711756527,6
2.662471644621044,0.6893870063104364,5
-0.3000452896415404,1.29204774236872,7
2.5703898460171164,-1.5603501832846414,6
-1.0882601086926733,0.8192576591056775,8
-1.1459493449504503,-0.08845217339872023,7
2.5703898460171164,-1.5603501832846414,6
-1.329899662250889,-0.012432629381075581,7
2.5703898460171164,-1.5603501832846414,6
0.8036695479190308,0.8918292261955579,5
-0.37015776527580924,-0.1169334502053653,5
-1.0276443229003465,-0.6963621107710302,6
-1.0882601086926733,0.8192576591056775,8
-1.5897422957249245,-1.2516070081519441,7
-0.7644297520191462,1.5327765179673245,6
-0.3000452896415404,1.29204774236872,7
-1.329899662250889,-0.012432629381075581,7
2.662471644621044,0.6893870063104364,5
-0.42693198803963384,-0.8144367869455549,6
-1.1459493449504503,-0.08845217339872023,7
2.5608211231221243,-1.5546079831689128,6
-2.032167943052002,0.011294821807835592,6
0.8036695479190308,0.8918292261955579,5
-0.16977567292484386,0.3525817984123642,5
2.073884145681573,0.11949563616746088,5
2.388682916940466,0.7127435867909916,6
2.388682916940466,0.7127435867909916,6
2.388682916940466,0.7127435867909916,6
2.388682916940466,0.7127435867909916,6
-1.982015598314054,0.9889745739784616,6
-2.1667003108951683,0.39287862477060914,6
3.523251292284684,1.474050796656713,5
-0.6165315619541877,-0.7798623426334426,5
-5.562663833708833,-1.1731701580470633,5
2.388682916940466,0.7127435867909916,6
1.6569701620014765,-1.0455618138759202,5
2.1387215011522938,-0.7766317198647172,5
-0.580068404073349,2.9922258721819204,4
1.0507076079084905,-1.3412895864912988,6
-0.9602752044284086,0.5140142434414005,5
-0.3636307735298574,-0.01889470810825108,6
2.073884145681573,0.11949563616746088,5
1.7041395059143456,-0.518696862801759,5
-1.6172593947622522,-1.5526847071663576,7
0.08224334239563208,0.45055941425830215,5
0.07183662871600588,0.4517264371911752,5
-0.47651203372347306,-1.759507803573593,7
-1.908125986712639,-1.8017590490293633,6
-1.4510563892714585,0.5572248656532282,6
-2.5511678395545725,-1.5607664632161524,7
-0.47651203372347306,-1.759507803573593,7
-3.1518498069020433,-0.23589172751288193,7
-0.9882100519829984,0.8793848393620535,5
3.341567854812142,-1.321400543126591,6
0.3844887591364927,0.1439755001250169,6
-0.9882100519829984,0.8793848393620535,5
-2.1981771676684048,-0.5061701450325404,6
1.4614002862146807,-1.2632958390579232,5
-1.9611745756982801,0.7096398751427797,6
-1.8663728697642645,0.08225549645765907,4
2.148920235555091,1.7268173697446256,5
-1.735979729765428,-1.2241369600237588,6
2.057913619501288,1.0683609768262272,7
2.057913619501288,1.0683609768262272,7
2.057913619501288,1.0683609768262272,7
2.057913619501288,1.0683609768262272,7
2.057913619501288,1.0683609768262272,7
2.057913619501288,1.0683609768262272,7
2.057913619501288,1.0683609768262272,7
-1.3994133102259896,1.039804135865106,5
2.823628098436246,0.27167957831990563,6
1.602847424032192,-1.3786283649710764,5
-0.33337035783823354,-1.7300598541314647,6
2.057913619501288,1.0683609768262272,7
-1.6441389050876845,-0.9598013957362246,5
-0.765560976550901,-0.6250205788968689,5
-0.7678587973785401,-0.5654165121000633,5
-3.0860913461719144,-2.70705008084086,8
-0.24451970416474827,1.5064453624434135,6
-1.6441389050876845,-0.9598013957362246,5
-0.765560976550901,-0.6250205788968689,5
-0.7678587973785401,-0.5654165121000633,5
-0.24451970416474827,1.5064453624434135,6
-1.0965260538581205,1.9130244031456554,6
-2.1273793088499136,0.20048826415603355,7
-1.5550724188085363,2.9428461397108947,5
-2.3249071841624955,1.0016015663850015,5
-3.0860913461719144,-2.70705008084086,8
2.206961956842742,-0.8169663176188339,5
2.206961956842742,-0.8169663176188339,5
2.206961956842742,-0.8169663176188339,5
0.8484514973217504,-0.5030045132998124,6
2.206961956842742,-0.8169663176188339,5
-1.7465267166602734,0.9752291289393519,4
0.7183030948388948,-0.7349181257324671,6
0.8484514973217504,-0.5030045132998124,6
-3.5133976273445557,-2.3075534942002007,5
2.861466294467456,-1.778017714348207,5
-1.8476595968152338,-0.14613394346922068,6
-0.9465494473435822,0.2585564196420284,5
-1.8476595968152338,-0.14613394346922068,6
-2.12277406185189,-1.261241153927405,7
-1.684736090697997,-0.025229532216164655,7
2.861466294467456,-1.778017714348207,5
-0.7253484360157971,1.1000187940506716,6
-0.7528527536554006,1.6841862385146957,6
1.7163944601873466,-0.5809138312772334,5
1.640512936004229,-0.3943552925992247,6
-3.527168242848939,-1.0473012405504998,7
2.9995258942630665,0.9594004944001725,5
1.7165443239067975,-0.7108943316795717,5
1.8335509383471398,-0.2954912133529735,5
1.7489601495096285,-0.1124270793596902,6
1.7163944601873466,-0.5809138312772334,5
1.654327100392098,-0.2460734099120738,5
1.0549526961144904,0.024625991016595246,6
1.7429129392383231,-1.2358923332564546,6
-1.1410819592445023,-0.32628883818321125,5
1.640512936004229,-0.3943552925992247,6
1.0541034950985169,0.2787996384897289,6
0.9014015684520121,0.9634192948586416,5
-0.6549115572225432,1.669849967443354,5
-1.0082266210783088,-0.20756060035750296,5
-1.6298293867017408,2.102756654648135,5
-1.9188140417019424,2.3203530706879256,6
-0.6549115572225432,1.669849967443354,5
-0.7527403658680915,1.7472172621351907,6
-1.6298293867017408,2.102756654648135,5
-1.9188140417019424,2.3203530706879256,6
0.9014015684520121,0.9634192948586416,5
-0.1936447510322458,2.1145684023323237,5
-0.21201175451768897,2.207739274308371,6
-0.7527403658680915,1.7472172621351907,6
1.7014109368428798,-0.5362790069201405,3
-0.869748256495211,0.6774513801606734,5
-0.6549115572225432,1.669849967443354,5
-1.0082266210783088,-0.20756060035750296,5
1.096458891442889,0.06277112159844082,5
-1.9428243120255873,0.003540476543270612,7
0.48394248499329795,0.0062059677475704254,5
-1.0605144195421763,-0.8829091387844934,6
-1.5701155838334289,-1.9119738136555502,6
-1.5701155838334289,-1.9119738136555502,6
-1.0041523765432034,0.23013095121290866,5
1.1040256560192436,0.04238746713820114,6
-0.544411783637672,-0.6844754290474514,6
1.7660296622690699,-0.22774252068759646,5
-1.364269297638616,0.9324076293902102,7
-2.9634727171853235,-0.16295117018458488,6
-1.5701155838334289,-1.9119738136555502,6
-2.8469535393930734,-0.9073439246308626,5
-1.0605144195421763,-0.8829091387844934,6
-2.2651663814849208,0.27617189878905296,7
-1.6285196732517608,-1.9688429147413948,7
0.22859315907266617,1.146281140534346,5
0.22859315907266617,1.146281140534346,5
1.751427336863407,0.3755861669667401,6
0.6631164270093275,-0.9971957131022539,5
0.10623733973132951,-0.5273088783689033,5
-1.6362108509309847,1.7716858282747197,6
-1.6362108509309847,1.7716858282747197,6
0.6631164270093275,-0.9971957131022539,5
0.10623733973132951,-0.5273088783689033,5
-2.308980639824219,0.5897327727998073,6
0.7132312799143845,0.6815995569165744,6
-1.658049247770552,1.5537779878306766,6
-2.2144153900012524,0.3196332120224539,7
-2.308980639824219,0.5897327727998073,6
2.324212487273581,-1.3010507995272302,5
-1.764467753463743,0.03959743251284632,6
2.324212487273581,-1.3010507995272302,5
0.6146494681675696,2.1022069066612836,6
0.008622587129920803,1.3276198471248173,5
-1.764467753463743,0.03959743251284632,6
-3.091167522190967,-1.030682087320635,7
-2.516885016261301,-1.312982058420787,6
-1.9130894712125044,-1.371104200068056,7
-1.8399837499624834,-2.401737528027734,6
-0.7120724358518572,-1.1347210507554966,6
-2.516885016261301,-1.312982058420787,6
-1.5290323880064391,-1.9767492990456899,6
-1.5614761117797293,-0.6702035788037417,6
1.8293074314057967,-0.11199889394641825,5
1.8293074314057967,-0.11199889394641825,5
2.8191534257879822,-1.507593960309509,6
1.2777201587343592,-1.5455126218320814,6
1.2777201587343592,-1.5455126218320814,6
-2.7427840681492603,-0.25132469768666815,7
-2.2299164474517714,-0.6151550847375151,6
-0.421921469450499,1.0521872487027608,6
1.8293074314057967,-0.11199889394641825,5
2.751064372707613,-1.7070674378128234,6
2.8191534257879822,-1.507593960309509,6
1.1249757295437832,-1.049323385856705,6
1.2777201587343592,-1.5455126218320814,6
3.584415088492376,0.4885993445662866,4
3.498268922654371,1.331772225947089,5
1.886090664990624,0.011738170958362012,5
-0.5525405140899539,-0.00453871717988602,7
1.4761011317430108,-0.7990419161097753,5
-1.8305722578792534,0.7654026168901166,5
2.0562622947876386,-0.9259477280462328,5
-1.2979994960654477,0.638211407998594,4
2.035688248898762,-0.48060099681276924,6
2.035688248898762,-0.48060099681276924,6
-0.8748121248416354,0.6017780642192845,5
-0.7065070807917072,0.28879417191450735,6
2.035688248898762,-0.48060099681276924,6
-2.57483273255172,1.0265667261273559,6
-0.7065070807917072,0.28879417191450735,6
-2.57483273255172,1.0265667261273559,6
2.035688248898762,-0.48060099681276924,6
0.3601541836950092,-0.390518667058458,6
-1.060142624517634,0.9151361657481515,6
-0.8748121248416354,0.6017780642192845,5
-0.12669476778780256,-0.5701211517100869,5
-1.028739071228166,0.9946431839807471,5
-1.899290783267061,-1.0657986896586134,6
-2.8650839928207814,0.6329523388963211,6
0.5862973421869935,-0.8458202446121005,6
1.8226092276689545,-0.21022330859264685,6
-0.6004634536620124,1.3917716598428664,7
-0.12669476778780256,-0.5701211517100869,5
-1.028739071228166,0.9946431839807471,5
-4.654679696345154,-1.1292922360501547,4
-1.1583608680167619,1.1567105268778772,6
-2.1278752857626526,0.22173948196405946,6
-3.59480751369861,-2.225887815269655,7
-2.268198545518128,-0.5049680792525624,7
-2.268198545518128,-0.5049680792525624,7
-2.797053245403757,0.8996782656230226,7
-0.9731890183951969,-0.9654491187657901,7
-0.9731890183951969,-0.9654491187657901,7
-1.6318246143184156,0.38320484439573826,6
2.0363937403422847,2.3726066649961033,6
-2.268198545518128,-0.5049680792525624,7
-1.4269350057783992,0.7224416666823735,6
-0.9731890183951969,-0.9654491187657901,7
-3.6506995755361733,-2.434768131736578,7
-1.6318246143184156,0.38320484439573826,6
1.8861184737454464,-0.6383579558355198,5
-3.305441101586859,0.2736102805741768,7
-2.8616848916708024,0.9504928401985799,6
-0.9508994484968628,1.2519620798430922,6
2.210700509676644,-0.09382101582774481,5
-2.797053245403757,0.8996782656230226,7
-0.7565112060460415,2.7120852418252746,5
-0.7565112060460415,2.7120852418252746,5
-0.5975665159120238,3.166597824468606,5
0.13970963906053743,0.6221659536209168,6
-1.8456516597572226,0.7497840446540682,5
2.6184869252767857,-0.03606406707485767,5
2.6184869252767857,-0.03606406707485767,5
-2.66241320153837,0.4761492859142968,6
-3.090567107338076,0.12754438108201493,6
-0.44410456623781513,-0.403907248141685,8
-0.8409263791001652,2.282880056442157,4
-1.565861717361327,0.2718344109420954,6
2.8055114388950093,-0.6683405435934354,5
-0.8051194039420073,-1.7312952988864185,6
2.387382604515835,-0.3399300870133315,5
-1.3505679725420772,2.315568884691503,6
-0.07716942943930137,-1.0912750742486068,6
1.2399511325665378,0.05234621474807281,5
-0.9904273536519119,-1.3609038971854526,5
-1.3012502093741034,0.8729011596470645,6
-0.2645071890162332,0.07176777070992427,6
-0.0953315376081986,-1.2106921677463007,6
-0.07716942943930137,-1.0912750742486068,6
-2.3409874568585645,-0.7778614235107907,6
-2.0811580388376942,-0.9882912522759193,7
-0.4202409840085678,-0.9446794869990252,5
1.2399511325665378,0.05234621474807281,5
-0.9904273536519119,-1.3609038971854526,5
2.659926659586569,-0.8629649945031678,5
-1.448438190634229,1.6225324261779783,6
-0.6627204728559368,1.0817971132210153,7
2.659926659586569,-0.8629649945031678,5
-1.448438190634229,1.6225324261779783,6
-1.2458482274767224,-1.3783996004176675,5
-1.9220704620099212,1.6518674637348327,5
-0.25882019002269874,-1.2369310872198387,6
-0.25882019002269874,-1.2369310872198387,6
1.472853483936666,-0.9107938348190243,6
3.1793598674153123,1.2892648375555276,5
-1.6829215490805691,0.005075447652908534,7
-2.1684664132924047,-0.7903649066650948,7
3.212922501622408,0.8880627021397427,5
-0.9536688883816582,0.7106256869013196,4
-0.29608156458107404,-1.3761846315311206,6
1.510536450970046,-0.2542070818057307,4
1.467638986475878,0.01010114316087962,6
-0.9695129527465823,0.36991369354676107,6
0.9857764270231856,0.11344767528569957,7
-0.9695129527465823,0.36991369354676107,6
0.44954716095502145,1.8488588669253523,6
1.510536450970046,-0.2542070818057307,4
1.467638986475878,0.01010114316087962,6
-1.3477788358265472,-1.7117246349878334,7
-1.3963409487591487,-0.06319358763505839,7
-1.993372578550864,0.8759274388744969,6
0.034929174632223225,-0.5648507150140428,7
-0.011965989162987115,-0.5631054544912186,6
0.4458307522526431,-0.9545003173639078,5
0.49306793950849337,-1.4142066878025064,7
-1.3477788358265472,-1.7117246349878334,7
-0.603861160358291,-0.6791713682191796,6
-1.3963409487591487,-0.06319358763505839,7
0.16652365088241516,0.06221232122114377,6
0.16652365088241516,0.06221232122114377,6
3.6504448463094006,-0.9543923965748549,6
-1.5734480205668042,-1.3548915444425105,6
0.16652365088241516,0.06221232122114377,6
3.6504448463094006,-0.9543923965748549,6
-0.07816008776653405,1.4102500043323931,5
-1.1958114938014148,1.374573022205847,7
-0.22585677641203866,-0.2045415901709401,7
-0.22585677641203866,-0.2045415901709401,7
-1.3086598855619032,2.008969430499053,5
-0.22585677641203866,-0.2045415901709401,7
-2.1143107775447803,-0.6210159238137113,7
0.13437044234272785,0.16197132214855064,6
0.13437044234272785,0.16197132214855064,6
0.13437044234272785,0.16197132214855064,6
-0.3064436610931004,1.5989973063772303,5
1.4796206696240415,0.8090756665639974,6
-1.038855141909058,0.15868100493526802,6
-1.674645545841188,0.21306421897117556,7
-1.038855141909058,0.15868100493526802,6
-3.468033605915856,0.4155289063875746,6
-0.3064436610931004,1.5989973063772303,5
1.4796206696240415,0.8090756665639974,6
0.10180471126505869,-0.3958491893151451,6
-0.8985359717111185,0.7232255422414593,6
-2.1143107775447803,-0.6210159238137113,7
0.13437044234272785,0.16197132214855064,6
1.6795615635200367,-0.9010610300618348,6
3.9785990593256924,0.08887604854325319,6
-0.8466604258531573,-0.29107741668996356,5
1.3679163689786829,-0.47553617686907856,5
-1.9476606300123906,-0.803945588593448,6
3.9599683720465046,0.019249276387612313,6
-0.8466604258531573,-0.29107741668996356,5
-0.1707519245893663,0.29055391057229557,4
-0.11978606894057675,1.3218281257798676,5
1.3679163689786829,-0.47553617686907856,5
1.7486914381788907,-0.27192159002867555,6
-0.986458844425285,-1.4899609706644261,6
-2.2066093440398613,-0.3113924906903833,6
1.7486914381788907,-0.27192159002867555,6
-0.0688095656030604,-0.2488301446563375,5
-2.795552941871003,-0.45931933451392065,6
-0.6382875853421494,-0.6441974241948093,6
-1.9152045592897051,1.0382795844317774,5
-0.49289483673656553,1.441031166831822,5
1.562125747678442,0.4026104120171442,5
-0.6896820410265992,0.8560136562418006,6
1.562125747678442,0.4026104120171442,5
0.18076222589404664,-1.4658848186949285,6
-0.006956537178440886,-0.14795679031470482,5
0.056757119189422,-0.158308526090266,5
-0.49289483673656553,1.441031166831822,5
-2.7665306866930526,-1.333340169480472,4
0.4431061761130851,-1.1008339062351384,5
0.8609620874384802,-1.2459445818526373,5
2.2292263109318764,1.6033649646609265,7
2.2292263109318764,1.6033649646609265,7
2.2292263109318764,1.6033649646609265,7
2.2292263109318764,1.6033649646609265,7
2.7835282635921703,1.0902080490598651,7
0.9862722005211109,0.44332241344175227,6
0.9862722005211109,0.44332241344175227,6
-1.6642853769026351,0.8903176267795008,6
2.2292263109318764,1.6033649646609265,7
-0.8698971212619022,1.3453950962849222,6
0.8609620874384802,-1.2459445818526373,5
2.2292263109318764,1.6033649646609265,7
2.7835282635921703,1.0902080490598651,7
-0.8698971212619022,1.3453950962849222,6
0.12501941519141557,-0.7618493431919652,5
-1.490043111377922,0.5398475122327617,6
0.9862722005211109,0.44332241344175227,6
-1.6642853769026351,0.8903176267795008,6
-1.3063378718646417,-0.5383563320431717,5
-1.3063378718646417,-0.5383563320431717,5
-1.280977095573748,0.7251859705609875,6
-0.06252607716762129,-0.3084484464949708,5
-3.2378927535351667,-1.4698498766592258,5
-1.182881898382639,-1.1085580519980316,8
0.1674517802221049,-0.23776006898693075,6
0.5545651294490865,-0.44359833815661204,5
0.1674517802221049,-0.23776006898693075,6
0.6986855201195928,-0.6578730183177055,6
0.6372305900430685,-1.087140610810724,5
-2.0824105034978717,2.0534798946734623,6
2.24809670072828,-0.6202706637563404,7
-0.67972283328504,-0.04877300236736674,5
-0.08606461334383003,0.46036759683193784,4
1.3352307127536733,-0.7422480679548286,6
0.6768371985410097,0.45639182804135525,5
-2.012735940291639,-1.3236250575482367,6
-1.990420749194083,-1.2161081295305054,6
-0.7095621115434089,-0.5431190225328595,6
0.9629404804135714,-0.9422300649836476,6
1.2012685922237825,-0.6618572663346299,6
0.007440182390913047,-1.0853119671844345,6
-0.3108395165329916,-0.9724333159146974,5
-0.36822701783454953,0.8408034014429465,8
-1.81148857010431,1.6100197964202856,6
-0.33142930092636147,1.4815485613944481,6
-0.6044100423713384,0.7576453660457761,6
-1.6928413913930642,1.3579001751888502,6
0.5100135182340207,-0.10470991429464119,6
2.3194579953232366,0.705583233711332,6
-0.6018725400947547,0.13137173673783684,6
-0.6933788925300168,-0.20030787953837145,6
1.3209717555260285,0.5778546894460606,6
-2.2687392753584246,0.1553361161320412,7
1.3209717555260285,0.5778546894460606,6
-0.13906199133683728,1.534727036332993,5
-0.6018725400947547,0.13137173673783684,6
-0.6053589233488528,0.06525709615731093,5
-0.6933788925300168,-0.20030787953837145,6
0.004160928121362739,0.3434832006755391,6
1.2577064012450898,-0.8342813095192035,5
1.2577064012450898,-0.8342813095192035,5
-2.509881150529235,-0.6623681956760634,7
-2.474351996787557,0.9872904711325501,7
-1.1859261203693956,0.9569686605659765,7
-0.4406835130435904,-0.7663617313522876,5
1.2768710398059322,0.30912644587813265,6
-1.7446921698176685,0.4999762158799225,6
-1.4292249236227135,-4.53028192521257,6
-0.8561651675458678,0.31005664338053696,5
-2.796366955886157,-1.0570315572848075,6
-1.9949883495869787,-0.877755967820264,6
-2.0945165539685617,-0.6712099329615855,6
-1.3914303252190396,0.8057207330523447,6
-2.123049201419088,1.2332712875389416,6
2.5908335505227593,-0.8924924239477362,6
2.5908335505227593,-0.8924924239477362,6
-1.7671930264712725,0.35343457113418175,8
-1.6938642293673396,0.3533140432734028,7
2.109844624871971,1.4534399261038062,5
2.31072310715596,-0.8866189394897581,6
2.0007355373869977,-0.891569807260757,6
-2.3154995609406215,0.6113086371873164,6
-2.336000353464278,0.5140409081115989,7
0.22535522060335425,-0.5193938989691329,5
0.20666420740542452,-0.608881369760965,5
1.366121983172655,-1.5024531806335761,5
2.6947411111879718,-1.6065470109019164,5
-3.240640119235733,0.5628908680065613,7
-1.5352207014808008,0.5658498359616315,6
1.874003063599149,-0.50796003173456,5
1.874003063599149,-0.50796003173456,5
-0.5705620558271509,-0.8719923727591745,6
-1.907416381008085,0.40419609606663837,6
-1.6859903556206137,-2.8818350184547206,5
-2.5835077002674747,-1.7866916210630195,6
1.874003063599149,-0.50796003173456,5
-3.260147066792166,0.8060437140174292,6
0.08061453085679578,-0.007852913379890036,7
1.3008446361625032,-0.03550118690477459,6
1.3008446361625032,-0.03550118690477459,6
0.03810761563838453,-1.2746757293787159,6
0.2600876693711513,-0.8172458464020558,6
1.3008446361625032,-0.03550118690477459,6
1.4529573026554106,-0.17816055088590055,6
1.9314424813756415,0.12441942820747262,7
0.08061453085679578,-0.007852913379890036,7
0.8924862712900449,-0.21457240273861228,6
-3.6594935673991325,0.25626248315941785,7
1.4656134853658422,0.7041790089140225,5
-0.8866039787764016,0.19286218229596028,6
0.8924862712900449,-0.21457240273861228,6
0.4744297024458518,-0.6248665423463726,5
1.4581473116754224,-0.6726946675191242,5
0.4744297024458518,-0.6248665423463726,5
1.5167962547029608,-0.532479132000658,5
2.6066672492450937,1.3492126766322294,7
2.6066672492450937,1.3492126766322294,7
2.6066672492450937,1.3492126766322294,7
2.6066672492450937,1.3492126766322294,7
2.6066672492450937,1.3492126766322294,7
2.6066672492450937,1.3492126766322294,7
-1.0579003931379487,0.989553864772486,5
-1.2316160835655363,0.5051355696873289,5
-2.330592826336224,0.5764904953222147,7
-1.608761944102745,-0.6003808416370545,7
-2.706158205539106,-0.518095718751435,8
-2.665823763804294,-0.7560842986135687,6
-2.1284812284940546,-0.005304338079906399,7
2.6066672492450937,1.3492126766322294,7
-2.0050818259075935,0.11521459972886273,5
-0.8117641154453609,-0.49387990199462567,6
1.6018961880819877,2.894063349567394,5
2.1906159003781083,-1.163131021532149,6
-0.9003119336016895,0.11019413321804357,7
0.6675910735278835,-0.7699745040911493,6
-1.229409721888792,-0.6438640842071184,6
-1.0629416289812679,-0.6293580278160956,7
3.525949665009505,-1.3742662345563588,5
1.7089684774898855,0.9938648393448369,6
-1.6419930094531818,1.3879277631010425,6
1.3813531700415034,1.094138736886244,6
-2.2791466452573985,-0.7873615255398302,7
-2.5353804902922454,-0.47463636661704756,7
3.525949665009505,-1.3742662345563588,5
-1.2935613529400904,1.2074997839507884,5
-2.245545003776341,-0.49561225975294676,6
-2.0648092668893763,-1.6405507477130037,6
-0.026993538291923122,0.3101286517181402,5
-2.9036923032831865,1.1547206923288795,6
-0.8017528775909631,1.178355602498983,5
-0.6335424832654852,0.5745766198644549,6
-1.8285494043676784,2.2076055973423623,6
-0.6335424832654852,0.5745766198644549,6
-2.89602262959083,1.570812030024133,8
-3.3892460974527725,-0.1004363350611147,6
0.6996761619510988,-0.08764299370986875,5
2.871748933099234,1.7425963582554838,5
-1.8285494043676784,2.2076055973423623,6
-1.9569466103276352,1.9438160368592725,6
-2.136636658521074,0.9909013209616436,6
-2.2466701253114887,-0.29035440342612295,6
-0.41130372441619173,-0.9324389012289162,5
0.7412491702195781,0.6648841263713766,6
-2.136636658521074,0.9909013209616436,6
0.7748363738431612,-1.0609938460436485,6
-1.6190227504243755,-1.2441703251765766,7
-2.4085995592301392,-0.6667620271421428,6
-2.2325787538252175,-0.3888479146315829,6
-0.1671740363714236,-0.40904486764356074,6
1.714519590145873,0.645812930108756,6
0.7602281890350597,0.08685740916739669,4
-0.5579187689227876,1.3405388298774181,4
2.7875903820502876,-0.7493310240575504,5
2.7875903820502876,-0.7493310240575504,5
2.7875903820502876,-0.7493310240575504,5
-0.4174476533066994,-0.1233620723949692,4
-0.3249005970364561,1.1639497863270738,6
2.7875903820502876,-0.7493310240575504,5
-2.1299061261853964,-0.4630377007092318,6
-0.9290937542932244,-0.3084463665866015,6
-0.4174476533066994,-0.1233620723949692,4
-3.5916901139092032,-1.9884620464493294,4
-2.4073144490600007,-0.7215000543777922,7
0.7644301775448603,-1.6056852639703227,5
1.5007434066613323,-1.3803729069821475,7
-1.759886542468239,-1.755019233079301,7
1.5107295667278908,-0.9467006772003186,6
-1.0406364443401068,0.3183265523184479,6
-0.80903215427523,0.33600813870350554,6
-2.0612053547344678,1.3151053030741893,6
-1.7071579544287194,1.0783094828587525,6
-0.4649135839961511,-0.15006060397296866,6
-1.2200445243813431,-0.2886694612210622,6
1.0170661021938605,-0.2861196338107495,5
1.0170661021938605,-0.2861196338107495,5
-1.3837014526890403,1.0212986465683571,5
1.0170661021938605,-0.2861196338107495,5
-2.0939070058047475,-1.7161936361582786,7
0.8250063526532082,-0.09112643893608574,6
-0.3530714493573029,-0.7392581798181309,6
-0.13379447645814435,-1.61989989000544,7
-2.631709951066621,0.5313023236286235,6
2.082993166574036,1.4008055089436326,5
2.019731768428815,1.3724243734991346,5
-2.8731800123550735,-0.05496729065545535,6
0.3963283044876263,0.6902512183454199,6
-2.09356584363521,-0.8000293300027993,6
-0.8300148190407025,-1.4055764917118156,6
1.0496105637313304,0.05719807745436527,6
-1.185903770711063,-0.08789869965776836,6
1.0496105637313304,0.05719807745436527,6
-3.1497519672934624,-2.254187734706962,4
0.1826198738499188,0.6967134785654913,5
-0.33733088327985283,-0.12339787691173112,5
-0.33733088327985283,-0.12339787691173112,5
-2.2528771998748653,0.19268354729186993,5
-2.3171223894995543,0.2598778878860039,6
-2.5758390760947805,-4.658145124759897,6
-0.8873324123828994,-0.9337851156702289,6
-2.7693237787341864,-0.683918540102434,7
-0.5261058970190898,0.3364155826305129,6
-1.1996419074881177,-0.8911254823988067,6
-2.607551577195863,-0.9743090136080885,6
-0.8873324123828994,-0.9337851156702289,6
-2.7693237787341864,-0.683918540102434,7
-2.756861301868149,-0.6341532505328025,7
-1.931645446475282,-0.42157310458018943,6
2.3804375711306416,-0.5069539503319792,5
1.423733752988627,-0.5209141060202734,6
2.8393701453884894,-0.8934513512847916,5
1.5931094080193902,-1.2461236858251912,6
1.5931094080193902,-1.2461236858251912,6
1.5931094080193902,-1.2461236858251912,6
1.5931094080193902,-1.2461236858251912,6
-3.435282061842662,-2.558205026813063,7
0.8361715117194519,0.42430875571657795,5
-2.34189655165066,0.6243687494728818,4
1.176033879861815,-0.7554530127331386,6
1.5931094080193902,-1.2461236858251912,6
1.0957466306978252,-1.2549359718224378,5
1.0957466306978252,-1.2549359718224378,5
-1.2312117777560763,0.02181784132330853,6
-1.2312117777560763,0.02181784132330853,6
-1.2312117777560763,0.02181784132330853,6
-1.2312117777560763,0.02181784132330853,6
-0.7353995895813197,0.8264266816855088,5
-1.1123884003044273,1.7526979752917646,6
0.8798324259556013,1.1137094709135622,6
1.0957466306978252,-1.2549359718224378,5
3.2069496263090698,-1.2897737758338297,5
-0.9508844032956408,0.3675116324049578,6
3.2069496263090698,-1.2897737758338297,5
-0.036704280237383514,0.8066956277245332,5
3.2069496263090698,-1.2897737758338297,5
-0.9508844032956408,0.3675116324049578,6
-0.40269030734420086,0.6936488914615322,6
-2.088893576666132,-2.144127775715757,6
2.5993158039995428,-0.449760643689644,6
2.6741847043411178,-0.4303200935761548,5
1.6951970843597104,0.5375661468080789,5
1.5232307740753102,0.5129457606701878,6
-1.9348789546729888,0.6219203397331345,6
-1.6876796043894853,-1.3682603983959447,6
-0.7418678843723278,-1.447335092838668,6
0.42951368851237065,-0.8148856998587872,6
-1.5067282718773438,-1.1539620860839814,7
-2.555149680034364,-0.6806206625523941,6
-2.015230450728563,-1.0465279956611637,6
0.7851595256581553,-1.2784731689871867,6
-2.008553435409878,0.9564086459903627,5
-1.9348789546729888,0.6219203397331345,6
-2.3129547363765464,-0.6095337471342172,6
-1.631492202767837,-0.25710512040259265,7
-2.064336041531371,0.16389750960366323,7
0.7878129499762677,0.6382156210340114,5
-1.4250197461327057,0.09034665417425242,7
-1.631492202767837,-0.25710512040259265,7
-2.064336041531371,0.16389750960366323,7
1.418393673612275,-0.6709750025269293,5
0.20280850083156188,0.3875769988004393,6
-0.4894132149912161,0.5395178905135949,7
-0.9683912482734545,2.5811686513013967,6
-2.081517076913807,-1.342232852242458,6
1.3351231214235255,-0.7478666574861322,5
1.7007387643603595,0.2243681201519478,5
1.3351231214235255,-0.7478666574861322,5
-0.23059513854796448,-0.9465027856690298,5
1.3517721181179316,-0.7202391932663142,5
1.3351231214235255,-0.7478666574861322,5
1.7007387643603595,0.2243681201519478,5
2.5560730018179387,0.9562402311152377,8
2.5560730018179387,0.9562402311152377,8
2.5560730018179387,0.9562402311152377,8
2.5560730018179387,0.9562402311152377,8
2.5560730018179387,0.9562402311152377,8
2.5560730018179387,0.9562402311152377,8
2.5560730018179387,0.9562402311152377,8
-1.4458952576318698,-0.0011687823695644116,8
2.5560730018179387,0.9562402311152377,8
2.2106597291229457,1.1806035562600905,6
-1.4047671571203448,-2.157368077828481,6
-1.825518688060366,-1.4075339632265662,6
1.3658186705807212,2.1070942499567056,6
-1.3529279888007628,0.9058708292517542,6
1.3658186705807212,2.1070942499567056,6
-0.4669010892476011,0.08975286534678797,7
2.863438596273335,1.315958631655605,6
2.7403297921194167,0.34472527016577714,5
-2.781646444204739,1.8560875997271213,6
-2.203944163142749,-0.2884778625278258,6
-0.6567506270075557,0.464620813528787,5
-0.6899586748696548,0.6921091529255945,6
0.04472564833440619,-1.127471858872145,6
-2.203944163142749,-0.2884778625278258,6
-0.06988192938479552,-1.0834850236423235,5
-0.6319888796053198,-1.7071199428320745,6
0.9735584888941703,-0.9665510498598184,5
1.2786845098045339,-0.6770782262590365,6
-0.6567506270075557,0.464620813528787,5
-1.9812843749352762,-0.4455113615309564,6
-2.359314246556998,0.13477621981768967,6
1.1054056950696793,0.30320286566555943,5
-0.3309693731701495,0.48405780619894734,6
1.8274887296931905,0.5810051501971202,5
-2.7483384250431286,-0.442231005602044,6
1.1054056950696793,0.30320286566555943,5
-0.14730095933315682,1.0359219860710278,6
-0.3309693731701495,0.48405780619894734,6
-0.08368540114932747,0.5780769246196934,5
-0.6528183847120298,0.43686038835957713,5
-1.5201531788198146,1.0575552630874498,6
-2.726498883032588,0.11169026887394082,6
0.2081404243726055,-1.0068366858387936,5
-0.2832144271756162,-1.212383521163364,6
-0.30992535951433553,-0.029458145403683602,5
-1.8853690905458815,-0.5189561021094331,6
0.1490741214375421,0.7340927335585259,5
-0.30992535951433553,-0.029458145403683602,5
-0.5621693019895048,-1.404550959379434,6
-1.1605158826453996,-0.5038217520237039,6
-1.465541952975341,0.047625723577344896,6
-1.8853690905458815,-0.5189561021094331,6
1.2138279265087735,-1.3552446076381552,5
1.2138279265087735,-1.3552446076381552,5
-0.21749195157175844,-1.5540111357203028,6
-1.4600205347819235,0.27947929852521197,6
0.08533923202285648,0.7477172731308163,6
-0.5514317797260369,0.41992858846103825,4
2.4456148441989125,-0.2786464690167131,5
3.4414046338333777,-1.363211580887827,5
2.4456148441989125,-0.2786464690167131,5
1.5231186025785195,-0.7164259043089795,6
0.8135619655541322,-1.0144165137892114,6
1.4379976555224614,-0.5799527175615237,5
2.0870636271522103,-0.30985905032743705,5
2.0870636271522103,-0.30985905032743705,5
2.0870636271522103,-0.30985905032743705,5
1.4379976555224614,-0.5799527175615237,5
2.0870636271522103,-0.30985905032743705,5
0.31110575399438695,-0.14849145659772559,6
-0.9147682870437527,-0.3392289967336539,6
0.7643648426960927,-1.0234163640311622,5
1.0253971295899087,-1.5893515958849345,5
1.0253971295899087,-1.5893515958849345,5
-2.163919676423845,-0.07024586705575364,7
-1.8734769948477883,1.350010057005535,6
0.9881357550315332,-1.7286051401962168,5
-2.163919676423845,-0.07024586705575364,7
0.8872268321368764,-0.2954996259692618,5
-2.740435195850438,-0.3397620656789853,7
-0.465249657544128,0.8236677728527977,7
-2.740435195850438,-0.3397620656789853,7
-0.465249657544128,0.8236677728527977,7
1.8995933933653961,-0.24524629195178824,5
0.8813051878587762,-0.29501790876289147,5
-1.3243824743699482,-0.28892655348036805,6
2.1425878698103653,0.03983455264878868,6
2.1425878698103653,0.03983455264878868,6
2.1425878698103653,0.03983455264878868,6
2.1425878698103653,0.03983455264878868,6
-1.3243824743699482,-0.28892655348036805,6
-1.3243824743699482,-0.28892655348036805,6
2.1425878698103653,0.03983455264878868,6
0.025796918997184587,0.02085605590541608,6
0.05809067208490448,0.18199682824539856,6
1.4045744455008449,-0.7166335858548837,5
-1.140987838163485,-0.2090116421877413,6
-0.37938739973119034,-1.3323166023453246,6
3.2210159922332,2.1591087461455234,5
-3.241605444437655,0.38592833132724946,6
-2.53629588136812,0.7293398377401079,6
2.1726069631035214,-1.001449864489984,5
-1.1762020415456607,-0.12733643312045473,6
-0.15807149608362772,-0.6470417944946882,6
-1.9320983523388082,-0.4211987157089591,6
-0.16399314036173865,-0.6465600772883171,6
-0.9614825318111805,-1.041999966346328,5
-0.2763844570428594,0.444038655303755,5
2.010936187031804,0.33982947557287474,5
-2.479558167348366,0.14311401163359944,6
2.010936187031804,0.33982947557287474,5
-0.2763844570428594,0.444038655303755,5
-1.6425086954296078,-1.8306226122742315,6
-1.6425086954296078,-1.8306226122742315,6
-3.806767733498914,-2.9862513282990766,6
-2.6668303621377105,1.0795346319838797,6
-0.5904168540291813,0.14475077456113916,5
0.7440925689041841,-1.0331953228591693,6
0.6829965405431421,0.10749995989893238,6
1.030718158733678,-1.4061091777802386,5
0.1548465577805444,-1.403289965929318,5
-2.6668303621377105,1.0795346319838797,6
1.889332422939154,0.6962793526427244,6
2.732295071286605,-0.8472294226832133,5
2.732295071286605,-0.8472294226832133,5
2.732295071286605,-0.8472294226832133,5
-2.5302132234542913,-0.1863047910762955,7
-0.5618671423162221,-1.1988183341649952,5
1.889332422939154,0.6962793526427244,6
-0.46985922453453316,-0.12149256842879604,6
-2.706908986041609,-0.01785157338811305,6
-2.3730634565138105,0.6485981661258673,6
2.211279229394952,0.7622859815957488,5
2.211279229394952,0.7622859815957488,5
-0.768743168687359,-1.482715525976233,5
0.20707023942653116,-0.7764913290581278,5
-2.0353343733740363,-0.6811809560861165,6
-1.4110778670399762,0.10985370938023821,6
-2.7387711558310395,-3.439217304638242,6
-2.902688282530917,-0.5922279023832522,6
-1.9981225967786,0.4083703332664375,5
1.7818042896993278,0.036708324901554325,5
0.5074693627055699,-1.276983651666624,6
-2.4176661377778914,-1.0362788869705644,6
-2.568887966846995,0.0651346161830737,6
1.2682452589648838,-0.9545708239846129,5
1.2682452589648838,-0.9545708239846129,5
-0.27079024291180065,-0.7415419152528298,5
1.843344227667722,0.12908179271627832,5
1.2682452589648838,-0.9545708239846129,5
-1.6850842647948723,-0.2730699185051495,6
-1.3441515250017877,-0.8657919472282772,4
-0.30805161747017606,-0.8807954595641122,5
-2.8644539719932305,-0.005752911137440309,6
-0.9056328864477573,0.5596721180354373,6
-2.0388766135740983,-1.1535160456237818,6
-2.2490262990718946,0.9331455132390368,6
-2.2490262990718946,0.9331455132390368,6
-2.0055439476644983,-0.3596686332755909,6
-2.849330404467844,0.32237619293256387,6
-1.6570679099452863,0.4904716856975722,6
0.7779164252760612,-1.1494000970901794,6
-1.8197695735301984,1.4872348232497206,6
3.096759048300635,-1.077137472790564,6
-1.8197695735301984,1.4872348232497206,6
2.936739072546146,-0.4379379320331964,5
-0.703542968770118,0.4674795666378554,5
-1.764789358283798,-1.1360090008892996,6
-0.23916566886058113,0.29374126201834927,6
1.964236960468341,-1.760675809548049,6
-0.8931258190669656,0.2577836975582024,6
-2.6123908722897466,-2.180684364079749,7
-0.14426048216668816,0.4465551265075687,5
0.4458187270450605,-0.9191652333172615,5
-1.714058123667508,-0.5892807079754008,6
-3.5113897198336064,-1.9196175595769716,5
-1.1170761999010663,-1.2389801062550456,4
-1.0284171064803953,0.3593286580312432,5
-2.2917717337718977,-0.4399456807978969,6
-2.798322062212968,-0.6210512413848484,6
-2.798322062212968,-0.6210512413848484,6
-1.7513028062594351,0.584673992218986,6
2.0039151286301724,-1.687887591631108,5
-0.994372281928255,0.15270499650309585,6
-3.059659063117133,0.42461883441469406,6
-0.7953433011939907,0.9556860266931312,6
-0.9003799760702785,2.9427714142693984,6
0.2465186017047736,-1.3932891630597874,6
1.5449574497846292,-1.6524574969085648,5
0.27569764941086267,-1.314643264778105,5
-0.9003799760702785,2.9427714142693984,6
2.32332225777207,-0.6515063066136783,5
0.9105199502866074,-0.46045944540678035,6
0.2465186017047736,-1.3932891630597874,6
0.3921265343547396,-1.8070142971832555,6
-0.7953433011939907,0.9556860266931312,6
-0.418829307969738,0.5300312700266693,6
2.8982183325879896,0.8089464227480265,6
2.9547440331538835,0.8135506081437127,6
2.9547440331538835,0.8135506081437127,6
-1.8934976958705247,-1.0525583134253504,6
0.39683185856749575,-0.5179698812475565,5
-2.484244826580662,0.38232316038756065,6
2.816884187980556,0.8577551237317186,6
2.854272442756465,0.8738437093588617,6
-0.931552924130155,1.8858917099780856,5
-0.5772652088737097,1.3541247723879373,6
-0.7644978312415394,2.478918848483958,5
-2.519292308877412,-1.0349978611910073,6
-2.9886967237193245,-0.5410055470945249,6
-0.6823662002260453,1.2620236279734198,5
-0.6823662002260453,1.2620236279734198,5
-2.519292308877412,-1.0349978611910073,6
-2.5149459284746305,0.7282244561307732,6
-2.1306087876425592,0.7287927627682452,6
-3.2902571236828657,-0.1877018630397547,6
1.806107079865436,-2.2747732947775146,5
-0.6823662002260453,1.2620236279734198,5
-1.6055199019718351,0.8792974635695918,6
-1.3633913222346357,0.7781019543204002,6
-1.803046531008043,-0.7348720562458064,6
-2.5379229961566,-1.1046246333466483,6
-2.9886967237193245,-0.5410055470945249,6
1.166537942709673,0.6767830393509063,5
-1.5234116511854967,-0.9239459805275082,5
2.440330762011574,-1.2297534890148165,6
-0.8160168171194306,-1.582811038846731,6
-0.20193189698870692,-0.27680257588289103,7
-3.348400561998448,-1.5909624132223372,6
-3.0865538631216207,0.39595709546084445,6
-0.48119474766871584,-1.787496204170299,7
-0.63004314461678,-1.3268702699400996,7
-1.3554571195185494,0.5370694881071099,7
0.32877877705327785,-1.7031944124183858,5
0.681018779687393,1.270073491305023,5
0.32877877705327785,-1.7031944124183858,5
-1.5084839938368129,-0.18342299562702805,6
-0.493309889230682,-0.1816615795575749,6
-3.1323223327729015,-0.7681413302228758,6
-3.0786539354631564,-0.8954568840997775,7
-3.3233189050545224,-0.44032479396490226,7
-2.4232402765079235,0.5190434767851811,6
-1.65180579193258,-0.13805868435681162,7
-2.1468926509397077,-1.3514637384270578,7
-2.718326050837608,0.12423041436285717,5
0.5377758441627062,0.002167271343275685,6
-2.505065640640607,-2.375099738451522,7
2.008697919643698,-0.6752444842818565,6
1.8089350179256833,-0.5923432798936147,6
-1.7520124047160177,-1.6450173625161364,6
0.5168226125225032,-0.6454520900696533,6
1.5284016856736522,0.5476033407412111,6
-2.147328993337581,0.21345491492764868,6
-0.9206900570897185,-2.6413935924317924,6
-2.619066262097858,-0.8105854015251033,6
-0.3752489267943275,1.7533260199864997,6
-0.6586621226366245,-0.6706647049462281,5
-2.619066262097858,-0.8105854015251033,6
-0.057019422698736485,-0.8325632202737558,6
1.7020651605014745,1.5187332302553573,6
-1.1716490278020175,0.06903871667516583,6
0.15527515197372008,-0.1314714067071535,6
-2.76912967882727,-1.078066382850063,6
-0.07108136268512288,0.7989193004344881,6
-2.202142708663897,-0.17488046056934303,6
-0.415018698557581,-0.7236891105297221,6
0.15527515197372008,-0.1314714067071535,6
-2.5371244108878743,0.1744540563018172,7
-0.6461374778795895,2.2077309499513413,6
-0.22193839179794614,1.4713683842980445,6
1.8538891283351902,0.13589801189748732,6
-1.5591362984544808,-1.5307666974575023,6
-0.15143184994160724,0.21527483729446723,6
-1.9013846229176297,-0.11357435272405249,6
-0.9655135824741194,0.8815397651910931,5
0.5371729273803779,0.035314319419584614,6
-2.823227914824614,0.8643432734875943,7
-3.217752747730994,-0.24677139119606978,4
-2.1343534773514348,0.008984372264884221,6
-2.033284245849565,-0.23369472274146263,5
0.3212268007274882,-1.2972443237759856,5
0.195428563379009,-1.124258448724171,5
1.1710653224583765,0.7856404969919093,5
-1.1873024680222648,-1.0704040740357603,7
-1.1686419602241012,1.247326726986217,5
-3.093781466892731,-2.553274933927541,7
-1.1991457565784518,-1.0694406396230207,7
0.9887317836823367,-1.5389428075272693,5
-1.2588903657954211,-0.06405989758218036,6
-1.5256671252092886,0.7675549411914605,7
-2.130715390630003,-0.9527481869625816,7
-1.783776471005442,-1.065933913769123,6
-2.9866719359573106,-0.2539997904118278,6
-0.49603088741729656,1.555292178107654,5
0.852688023503588,-0.10394638004266975,6
-1.597836994196811,0.07403369847425748,6
-1.597836994196811,0.07403369847425748,6
-2.64254797501294,0.5961127956901972,7
0.4644720740433188,-1.1529451088792981,7
-1.2402480901683872,0.02121606559432509,7
0.852688023503588,-0.10394638004266975,6
0.33363579451408487,-1.2187214141421536,6
0.16383043187555102,-0.7140262940727289,6
-0.21870246243013206,-1.29737248583823,6
-0.4860285155159682,-1.3861399302179083,5
-1.5790318916408725,-0.030567332777779736,6
-0.49787180407215464,-1.3851764958051687,5
1.750067150766491,-1.4323526754258609,6
-1.5849535359189835,-0.030085615571408517,6
-1.179466969209457,0.2948056342893784,6
-2.9994153703924797,-0.9910252934357761,7
0.7202254346817879,-0.9338845263020685,6
-1.7817559653610215,0.12130642393562883,6
-2.641960701215347,-1.6851429533384281,7
-2.1085559925562642,-0.7796069880834652,7
-2.1823960267651783,-1.2323649439214952,7
1.6769276389090693,-1.14894317202758,5
-1.579410111295591,-1.922769600934938,5
-1.5980407985747789,-1.9923963730905796,5
-2.2527918094840254,-1.5604705398133314,7
0.8844075307699654,-1.238834559879974,5
-3.1861518809241454,0.5461934502891009,7
0.6794238964021811,-0.5922342431832733,7
0.6794238964021811,-0.5922342431832733,7
0.6794238964021811,-0.5922342431832733,7
0.6675806078459947,-0.5912708087705338,7
-2.1522909729653747,-0.19243605733103725,6
-1.9658038473242856,1.3076698116055956,6
-2.7186307721840306,0.19049593497875036,6
-0.5859900377920573,1.4286892596712282,5
-0.9029333907977928,0.8364985735833966,6
-0.6655176963528533,-1.0003349300963946,7
-0.5949738050165508,-0.9323844608983434,7
-0.9029333907977928,0.8364985735833966,6
2.1731597964114333,-0.13856862592128188,5
-0.6008954492946618,-0.9319027436919721,7
-0.6714393406309642,-0.9998532128900234,7
-2.2574772750217664,-1.1436651401872515,5
2.0740085552680516,0.1535499240022196,6
-0.7987689024553632,-3.70858647943873,5
-0.7987689024553632,-3.70858647943873,5
-1.3663569835567146,-0.2545644049287511,7
-1.3920841173630851,-1.8266038566076193,7
-0.1637236652496572,-1.7044059232689708,6
0.9474154050155964,-0.3754191610017666,6
-1.3663569835567146,-0.2545644049287511,7
2.0740085552680516,0.1535499240022196,6
-0.8478735655699253,-3.846876589337273,5
-1.0223478260582526,-0.5787361211218733,4
-4.160361019508354,0.16868470851711523,6
-2.890172002918607,1.391050767257322,6
-1.908502742728416,0.5204930908439098,6
-1.0610208342678127,-1.9390535677462772,6
0.5008208271106809,0.39206739771405424,5
-1.0223478260582526,-0.5787361211218733,4
1.4235752478621406,1.4826177320407583,6
1.4235752478621406,1.4826177320407583,6
1.4235752478621406,1.4826177320407583,6
1.4235752478621406,1.4826177320407583,6
3.030508512500063,0.6570258385344132,7
0.10312377284831446,-1.5913780510576705,5
1.4235752478621406,1.4826177320407583,6
3.030508512500063,0.6570258385344132,7
-1.414318693300638,0.04347213053584443,7
-2.988734760618163,-0.5209906052941607,6
-1.414318693300638,0.04347213053584443,7
1.5905729506207344,2.0377624355220005,6
1.9933057410210655,-0.4891074204054667,5
1.9933057410210655,-0.4891074204054667,5
-0.0627206494011862,-1.312971475402041,6
-0.0627206494011862,-1.312971475402041,6
-2.1203810983422167,-0.818344601106249,7
1.789497400081873,-0.7028888493541912,6
-0.4827698199160896,-1.5169257092948318,6
-2.175998763777549,1.0532253269663283,7
-0.22284847723967005,-1.7298645732609554,6
-1.3240673332518866,-0.11324111623294575,6
-2.1418648885606433,-1.4528644230671524,6
-2.441803138313623,-1.0513970636240655,7
-0.26010985179804536,-1.8691181175722373,6
-0.4827698199160896,-1.5169257092948318,6
-1.7528291660090796,-0.1365534020725043,6
-2.175998763777549,1.0532253269663283,7
-0.6970676697987527,0.4942520121770035,6
-2.290146221604842,0.08252865798912414,6
-0.8929764336438497,-1.6977752541598916,6
-0.46874970729699555,-1.776097871220582,6
-0.6970676697987527,0.4942520121770035,6
-2.3875055152094715,0.5725217276458366,5
-0.2122528542576936,-0.8512706125030223,6
0.5809627401240446,-0.28700829846107934,6
1.524428378650662,-0.5941299571402954,6
-0.2122528542576936,-0.8512706125030223,6
0.6692276985113009,0.4091302958732815,6
-2.0649712263465947,-1.4168485389498444,6
0.5809627401240446,-0.28700829846107934,6
0.2517786884785286,0.7161012314423829,6
-1.751944338651434,0.9101333569811789,5
-1.193805003860286,1.8910435699751453,5
-0.4044393818678722,-1.7825759624509745,6
-0.4044393818678722,-1.7825759624509745,6
-1.510912335474602,-2.840621890857417,6
-2.92631416407798,-0.8802253643247043,6
-2.234507748230757,0.14227199219126657,6
-2.2628089878269093,0.16467012221037036,6
-1.0872767111969617,-0.3629871432520597,7
-2.652390449628479,-1.964090263304353,6
-2.932235808356091,-0.8797436471183331,6
0.5901346251567168,-1.115438491740745,5
-0.897344648659632,-0.823099237462083,6
-1.024948409339816,-0.7021972265015913,6
-0.860834720661641,-1.332256783317169,5
-1.481593729375222,-3.1814884394417517,5
6.537875172488415,-8.073812175226104,3
1.8046837968761749,0.9796703697681681,6
-0.38138397318273315,-0.13207558222051824,6
2.6544055213761135,-1.085671980860794,5
2.592327330838057,-0.9535572677621615,6
-0.860834720661641,-1.332256783317169,5
1.2120980252362368,0.5255102954305699,6
-2.7105798250641007,-1.2601888943928763,7
-2.4514655119122217,-2.2933788225769005,6
0.7062560163195419,-0.0675799452828837,6
-2.1116760319978187,1.8010645196561301,6
-2.8094279589141027,-0.5763522055356647,7
-2.8094279589141027,-0.5763522055356647,7
-1.226427792542133,0.7395879839012328,6
0.2122692835794506,-0.11060815413856542,6
0.2122692835794506,-0.11060815413856542,6
0.9135631537075269,-0.20757622028849324,6
-2.921842017353901,-1.1369934489270226,7
-1.7201720757198489,-2.106265557792237,7
-1.2446794599976354,-0.642981368589121,6
-3.490941659736552,-1.933120003603616,8
-1.475253069589315,-0.7204437709000853,8
0.042977536002975235,-0.9083900546255991,7
2.189277471041797,-0.7856181283823483,6
2.189277471041797,-0.7856181283823483,6
2.189277471041797,-0.7856181283823483,6
2.189277471041797,-0.7856181283823483,6
2.328619547801339,-0.6487116705381116,5
-3.1645464158035175,-0.33330224527610197,7
-1.666618066372641,0.9450490533254156,4
-0.7436640907685786,-1.5863180800280097,6
-0.3979607171368843,-0.37242288715671135,6
-2.4580513940588546,-0.3828394065231169,6
0.8024661361281568,0.12783596734085573,6
-2.336193670451874,-0.8288588202948309,4
-0.23887182898592238,-1.3099731392271405,5
-0.27014127899693097,-1.3678982459636044,5
1.8741203847801153,0.8019741852618135,6
1.8741203847801153,0.8019741852618135,6
1.531725661797878,-0.43941726311014406,5
-2.039972612722261,1.3870821367261466,7
-2.849167456912217,-2.1515697318998206,8
-3.165770381018655,-2.759829875819906,8
1.531725661797878,-0.43941726311014406,5
-3.3016818820942024,-0.3726409170902908,6
-1.744462621704589,0.4436283526079868,6
1.8741203847801153,0.8019741852618135,6
-3.396398253483118,-4.528675643594181,6
2.1672555194888488,-0.9809240842167832,6
2.1111851042488237,-0.968244332408852,5
-1.0007976193638082,-0.543045950153385,7
-1.0007976193638082,-0.543045950153385,7
-2.7146041222449817,-0.906119736918574,6
0.6641520204440828,-0.794386797928403,5
-0.24931778881725347,-0.23590921327637063,6
-1.7332576461243594,-1.0071822575741893,7
-1.0007976193638082,-0.543045950153385,7
-2.687501675366962,-0.7196849836825094,8
-0.9902371333988176,0.17891159704547774,7
-3.2214860157767866,0.731110807010014,4
-0.49533464716562525,-0.8595201593902129,6
0.9614702299793447,-0.15973186409431972,6
-0.6206630609389913,0.42493401291269145,6
0.08886178057608343,1.8639793427740292,5
-0.18461769360927363,-1.7711965258105289,6
0.054582783429555616,-1.8016251605929419,5
-1.8697672873014344,0.3585523330287523,6
-2.271332767089387,-1.7304145420569148,7
1.2304601185067066,-0.5636009306803306,5
-2.2511732478008963,-0.6267901405777654,6
-2.8952441002115386,-2.0471806642682537,7
0.7812485966635511,-0.10966463296541881,6
-1.4407498067150395,-1.2757903468587053,6
-3.2045024249262943,-0.7969261153481808,6
-2.2511732478008963,-0.6267901405777654,6
1.2304601185067066,-0.5636009306803306,5
-1.2222332250399075,0.9435405221427826,6
-0.7956270389291769,0.39678353316188014,6
-1.353167293947944,0.11068436363335611,7
1.4510786717960136,-0.7491422490403292,5
-0.5672791806703319,-1.8950556911066307,6
-0.5672791806703319,-1.8950556911066307,6
-1.784168466529015,0.04955470622537964,6
1.4510786717960136,-0.7491422490403292,5
-1.4562698703074255,0.3702302172604603,7
-1.5758802182980554,-0.47093006591632547,6
-0.8900465794385574,-0.9509840753964094,6
-1.4228983557244874,-0.5230626694869054,5
-2.1465225804836043,-2.0955391356761024,6
-2.5308884268513734,-1.2982351472831264,7
-1.8063093735347047,-2.1743114668996326,6
0.9825834762128148,0.6947417943084564,5
-0.19877301390756397,-0.0649643678292732,6
-1.2365147979005648,-1.8514121736895603,6
-3.5407426321762916,-1.828068549080127,4
-0.6598394861961239,-0.13319051335194496,7
-0.17602420506552457,-3.466971311893849,6
-1.572551101119706,0.6001506642445379,6
-0.8941321365056903,-1.4680927261561008,5
-1.9697043599812627,-2.0212818314911214,6
-0.05323413527556215,0.08367093094930894,5
-1.9770971538223203,-1.7445543115482962,6
-2.4934660331475764,-3.210232872478357,7
0.01741814227369877,-0.1414354808366496,6
1.4270908261137814,-0.14331728951502826,5
0.01741814227369877,-0.1414354808366496,6
1.4270908261137814,-0.14331728951502826,5
-1.8516613295886417,-0.6177511154436689,5
-2.764615262380686,-1.539241808658798,5
-2.3486667904609972,0.1492516025671441,6
2.376798313457137,1.4296597553828385,6
2.376798313457137,1.4296597553828385,6
-0.35013433894787227,1.3637624365677945,6
1.5562573108699451,-0.06243474680011118,5
-0.8193978431496433,0.4950544042859518,6
-0.8180266897566151,0.37383998935322926,6
-2.2870277760509152,-0.8196380110786092,6
-2.0231581477047724,-0.9277226864780534,6
-2.5153851050872404,-0.39499205511153707,7
-0.6927359037941884,-1.1849557459116218,5
-2.949605995331323,0.5334808854897573,6
-1.819498551221914,-1.4590211871414251,6
-4.083969492391584,-0.24382487593121183,6
-0.6871297034971043,-1.5588591154745524,6
-0.26483603362730224,0.5425725706961185,6
-1.3145184263531284,-0.13544043743314074,7
-3.0227279095936446,-1.3385939994004465,6
1.7064907156574283,-1.0089851023651497,5
-2.2049542746089483,-1.2311476772936498,6
-1.2632720584821078,-1.5201882099815769,6
-1.185662524141349,1.1338454025661562,6
-1.6027951719569755,-0.9342432955858179,7
-1.8107780961885398,-1.0583684370637068,5
-2.142482923433028,-0.5987390780906626,4
1.601348156898779,-0.6667600125899653,6
1.601348156898779,-0.6667600125899653,6
0.3918389797828579,-0.9283254603401082,6
-1.2106184582744177,-1.860681900012644,5
-1.728155679259145,-2.4054918134929086,6
1.6143675077725748,-0.7703586552984304,5
1.5954265126206781,-0.6662782953835948,6
-1.192494985309129,-1.8302757380564123,7
-3.6285431399727486,0.20656975493278362,7
0.06748783066369107,0.5326200298564129,5
0.37320829250367027,-0.9979522324957489,6
-2.3483841395383367,0.3542696930050434,6
-1.5404051041509856,-0.8809697091979172,6
-0.8978844710757033,-0.34013239501559367,5
-2.094153322084784,-0.3907486326032616,6
1.2948819260395261,-0.4907028785807955,5
-0.7796509375134835,0.4084384167170085,6
-3.406953670298816,-0.9156504148087657,7
-2.822923287590889,0.13092527136590362,6
